"KAghfhRAPETThfhfAI NADmjghAR GIRLS HSS,LIONS TOWN",NANDHIg;ljkujghNI hyutgutufIYA R,42423535355
"KAghfhRAPETThfhfAI NADmjghAR GIRLS HSS,LIONS TOWN",NANDHIg;ljkujghNI hyutgutufIYA R,42423535356
"KAghfhRAPETThfhfAI NADmjghAR GIRLS HSS,LIONS TOWN",NANDHIg;ljkujghNI hyutgutufIYA R,42423535357
"KAghfhRAPETThfhfAI NADmjghAR GIRLS HSS,LIONS TOWN",NANDHIg;ljkujghNI hyutgutufIYA R,42423535358
"KAghfhRAPETThfhfAI NADmjghAR GIRLS HSS,LIONS TOWN",NANDHIg;ljkujghNI hyutgutufIYA R,42423535359
"KAghfhRAPETThfhfAI NADmjghAR GIRLS HSS,LIONS TOWN",NANDHIg;ljkujghNI hyutgutufIYA R,42423535360
"KAghfhRAPETThfhfAI NADmjghAR GIRLS HSS,LIONS TOWN",NANDHIg;ljkujghNI hyutgutufIYA R,42423535361
"KAghfhRAPETThfhfAI NADmjghAR GIRLS HSS,LIONS TOWN",NANDHIg;ljkujghNI hyutgutufIYA R,42423535362
"KAghfhRAPETThfhfAI NADmjghAR GIRLS HSS,LIONS TOWN",NANDHIg;ljkujghNI hyutgutufIYA R,42423535363
"KAghfhRAPETThfhfAI NADmjghAR GIRLS HSS,LIONS TOWN",NANDHIg;ljkujghNI hyutgutufIYA R,42423535364
"KAghfhRAPETThfhfAI NADmjghAR GIRLS HSS,LIONS TOWN",NANDHIg;ljkujghNI hyutgutufIYA R,42423535365
"KAghfhRAPETThfhfAI NADmjghAR GIRLS HSS,LIONS TOWN",NANDHIg;ljkujghNI hyutgutufIYA R,42423535366
"KAghfhRAPETThfhfAI NADmjghAR GIRLS HSS,LIONS TOWN",NANDHIg;ljkujghNI hyutgutufIYA R,42423535367
"KAghfhRAPETThfhfAI NADmjghAR GIRLS HSS,LIONS TOWN",NANDHIg;ljkujghNI hyutgutufIYA R,42423535368
"KAghfhRAPETThfhfAI NADmjghAR GIRLS HSS,LIONS TOWN",NANDHIg;ljkujghNI hyutgutufIYA R,42423535369
"KAghfhRAPETThfhfAI NADmjghAR GIRLS HSS,LIONS TOWN",NANDHIg;ljkujghNI hyutgutufIYA R,42423535370
"KAghfhRAPETThfhfAI NADmjghAR GIRLS HSS,LIONS TOWN",NANDHIg;ljkujghNI hyutgutufIYA R,42423535371
"KAghfhRAPETThfhfAI NADmjghAR GIRLS HSS,LIONS TOWN",NANDHIg;ljkujghNI hyutgutufIYA R,42423535372
"KAghfhRAPETThfhfAI NADmjghAR GIRLS HSS,LIONS TOWN",NANDHIg;ljkujghNI hyutgutufIYA R,42423535373
"KAghfhRAPETThfhfAI NADmjghAR GIRLS HSS,LIONS TOWN",NANDHIg;ljkujghNI hyutgutufIYA R,42423535374
"KAghfhRAPETThfhfAI NADmjghAR GIRLS HSS,LIONS TOWN",NANDHIg;ljkujghNI hyutgutufIYA R,42423535375
"KAghfhRAPETThfhfAI NADmjghAR GIRLS HSS,LIONS TOWN",NANDHIg;ljkujghNI hyutgutufIYA R,42423535376
"KAghfhRAPETThfhfAI NADmjghAR GIRLS HSS,LIONS TOWN",NANDHIg;ljkujghNI hyutgutufIYA R,42423535377
"KAghfhRAPETThfhfAI NADmjghAR GIRLS HSS,LIONS TOWN",NANDHIg;ljkujghNI hyutgutufIYA R,42423535378
"KAghfhRAPETThfhfAI NADmjghAR GIRLS HSS,LIONS TOWN",NANDHIg;ljkujghNI hyutgutufIYA R,42423535379
"KAghfhRAPETThfhfAI NADmjghAR GIRLS HSS,LIONS TOWN",NANDHIg;ljkujghNI hyutgutufIYA R,42423535380
"KAghfhRAPETThfhfAI NADmjghAR GIRLS HSS,LIONS TOWN",NANDHIg;ljkujghNI hyutgutufIYA R,42423535381
"KAghfhRAPETThfhfAI NADmjghAR GIRLS HSS,LIONS TOWN",NANDHIg;ljkujghNI hyutgutufIYA R,42423535382
"KAghfhRAPETThfhfAI NADmjghAR GIRLS HSS,LIONS TOWN",NANDHIg;ljkujghNI hyutgutufIYA R,42423535383
"KAghfhRAPETThfhfAI NADmjghAR GIRLS HSS,LIONS TOWN",NANDHIg;ljkujghNI hyutgutufIYA R,42423535384
"KAghfhRAPETThfhfAI NADmjghAR GIRLS HSS,LIONS TOWN",NANDHIg;ljkujghNI hyutgutufIYA R,42423535385
"KAghfhRAPETThfhfAI NADmjghAR GIRLS HSS,LIONS TOWN",NANDHIg;ljkujghNI hyutgutufIYA R,42423535386
"KAghfhRAPETThfhfAI NADmjghAR GIRLS HSS,LIONS TOWN",NANDHIg;ljkujghNI hyutgutufIYA R,42423535387
"KAghfhRAPETThfhfAI NADmjghAR GIRLS HSS,LIONS TOWN",NANDHIg;ljkujghNI hyutgutufIYA R,42423535388
"KAghfhRAPETThfhfAI NADmjghAR GIRLS HSS,LIONS TOWN",NANDHIg;ljkujghNI hyutgutufIYA R,42423535389
"KAghfhRAPETThfhfAI NADmjghAR GIRLS HSS,LIONS TOWN",NANDHIg;ljkujghNI hyutgutufIYA R,42423535390
"KAghfhRAPETThfhfAI NADmjghAR GIRLS HSS,LIONS TOWN",NANDHIg;ljkujghNI hyutgutufIYA R,42423535391
"KAghfhRAPETThfhfAI NADmjghAR GIRLS HSS,LIONS TOWN",NANDHIg;ljkujghNI hyutgutufIYA R,42423535392
"KAghfhRAPETThfhfAI NADmjghAR GIRLS HSS,LIONS TOWN",NANDHIg;ljkujghNI hyutgutufIYA R,42423535393
"KAghfhRAPETThfhfAI NADmjghAR GIRLS HSS,LIONS TOWN",NANDHIg;ljkujghNI hyutgutufIYA R,42423535394
"KAghfhRAPETThfhfAI NADmjghAR GIRLS HSS,LIONS TOWN",NANDHIg;ljkujghNI hyutgutufIYA R,42423535395
"KAghfhRAPETThfhfAI NADmjghAR GIRLS HSS,LIONS TOWN",NANDHIg;ljkujghNI hyutgutufIYA R,42423535396
"KAghfhRAPETThfhfAI NADmjghAR GIRLS HSS,LIONS TOWN",NANDHIg;ljkujghNI hyutgutufIYA R,42423535397
"KAghfhRAPETThfhfAI NADmjghAR GIRLS HSS,LIONS TOWN",NANDHIg;ljkujghNI hyutgutufIYA R,42423535398
"KAghfhRAPETThfhfAI NADmjghAR GIRLS HSS,LIONS TOWN",NANDHIg;ljkujghNI hyutgutufIYA R,42423535399
"KAghfhRAPETThfhfAI NADmjghAR GIRLS HSS,LIONS TOWN",NANDHIg;ljkujghNI hyutgutufIYA R,42423535400
"KAghfhRAPETThfhfAI NADmjghAR GIRLS HSS,LIONS TOWN",NANDHIg;ljkujghNI hyutgutufIYA R,42423535401
"KAghfhRAPETThfhfAI NADmjghAR GIRLS HSS,LIONS TOWN",NANDHIg;ljkujghNI hyutgutufIYA R,42423535402
"KAghfhRAPETThfhfAI NADmjghAR GIRLS HSS,LIONS TOWN",NANDHIg;ljkujghNI hyutgutufIYA R,42423535403
"KAghfhRAPETThfhfAI NADmjghAR GIRLS HSS,LIONS TOWN",NANDHIg;ljkujghNI hyutgutufIYA R,42423535404
"KAghfhRAPETThfhfAI NADmjghAR GIRLS HSS,LIONS TOWN",NANDHIg;ljkujghNI hyutgutufIYA R,42423535405
"KAghfhRAPETThfhfAI NADmjghAR GIRLS HSS,LIONS TOWN",NANDHIg;ljkujghNI hyutgutufIYA R,42423535406
"KAghfhRAPETThfhfAI NADmjghAR GIRLS HSS,LIONS TOWN",NANDHIg;ljkujghNI hyutgutufIYA R,42423535407
"KAghfhRAPETThfhfAI NADmjghAR GIRLS HSS,LIONS TOWN",NANDHIg;ljkujghNI hyutgutufIYA R,42423535408
"KAghfhRAPETThfhfAI NADmjghAR GIRLS HSS,LIONS TOWN",NANDHIg;ljkujghNI hyutgutufIYA R,42423535409
"KAghfhRAPETThfhfAI NADmjghAR GIRLS HSS,LIONS TOWN",NANDHIg;ljkujghNI hyutgutufIYA R,42423535410
"KAghfhRAPETThfhfAI NADmjghAR GIRLS HSS,LIONS TOWN",NANDHIg;ljkujghNI hyutgutufIYA R,42423535411
"KAghfhRAPETThfhfAI NADmjghAR GIRLS HSS,LIONS TOWN",NANDHIg;ljkujghNI hyutgutufIYA R,42423535412
"KAghfhRAPETThfhfAI NADmjghAR GIRLS HSS,LIONS TOWN",NANDHIg;ljkujghNI hyutgutufIYA R,42423535413
"KAghfhRAPETThfhfAI NADmjghAR GIRLS HSS,LIONS TOWN",NANDHIg;ljkujghNI hyutgutufIYA R,42423535414
"KAghfhRAPETThfhfAI NADmjghAR GIRLS HSS,LIONS TOWN",NANDHIg;ljkujghNI hyutgutufIYA R,42423535415
"KAghfhRAPETThfhfAI NADmjghAR GIRLS HSS,LIONS TOWN",NANDHIg;ljkujghNI hyutgutufIYA R,42423535416
"KAghfhRAPETThfhfAI NADmjghAR GIRLS HSS,LIONS TOWN",NANDHIg;ljkujghNI hyutgutufIYA R,42423535417
"KAghfhRAPETThfhfAI NADmjghAR GIRLS HSS,LIONS TOWN",NANDHIg;ljkujghNI hyutgutufIYA R,42423535418
"KAghfhRAPETThfhfAI NADmjghAR GIRLS HSS,LIONS TOWN",NANDHIg;ljkujghNI hyutgutufIYA R,42423535419
"KAghfhRAPETThfhfAI NADmjghAR GIRLS HSS,LIONS TOWN",NANDHIg;ljkujghNI hyutgutufIYA R,42423535420
"KAghfhRAPETThfhfAI NADmjghAR GIRLS HSS,LIONS TOWN",NANDHIg;ljkujghNI hyutgutufIYA R,42423535421
"KAghfhRAPETThfhfAI NADmjghAR GIRLS HSS,LIONS TOWN",NANDHIg;ljkujghNI hyutgutufIYA R,42423535422
"KAghfhRAPETThfhfAI NADmjghAR GIRLS HSS,LIONS TOWN",NANDHIg;ljkujghNI hyutgutufIYA R,42423535423
"KAghfhRAPETThfhfAI NADmjghAR GIRLS HSS,LIONS TOWN",NANDHIg;ljkujghNI hyutgutufIYA R,42423535424
"KAghfhRAPETThfhfAI NADmjghAR GIRLS HSS,LIONS TOWN",NANDHIg;ljkujghNI hyutgutufIYA R,42423535425
"KAghfhRAPETThfhfAI NADmjghAR GIRLS HSS,LIONS TOWN",NANDHIg;ljkujghNI hyutgutufIYA R,42423535426
"KAghfhRAPETThfhfAI NADmjghAR GIRLS HSS,LIONS TOWN",NANDHIg;ljkujghNI hyutgutufIYA R,42423535427
"KAghfhRAPETThfhfAI NADmjghAR GIRLS HSS,LIONS TOWN",NANDHIg;ljkujghNI hyutgutufIYA R,42423535428
"KAghfhRAPETThfhfAI NADmjghAR GIRLS HSS,LIONS TOWN",NANDHIg;ljkujghNI hyutgutufIYA R,42423535429
"KAghfhRAPETThfhfAI NADmjghAR GIRLS HSS,LIONS TOWN",NANDHIg;ljkujghNI hyutgutufIYA R,42423535430
"KAghfhRAPETThfhfAI NADmjghAR GIRLS HSS,LIONS TOWN",NANDHIg;ljkujghNI hyutgutufIYA R,42423535431
"KAghfhRAPETThfhfAI NADmjghAR GIRLS HSS,LIONS TOWN",NANDHIg;ljkujghNI hyutgutufIYA R,42423535432
"KAghfhRAPETThfhfAI NADmjghAR GIRLS HSS,LIONS TOWN",NANDHIg;ljkujghNI hyutgutufIYA R,42423535433
"KAghfhRAPETThfhfAI NADmjghAR GIRLS HSS,LIONS TOWN",NANDHIg;ljkujghNI hyutgutufIYA R,42423535434
"KAghfhRAPETThfhfAI NADmjghAR GIRLS HSS,LIONS TOWN",NANDHIg;ljkujghNI hyutgutufIYA R,42423535435
"KAghfhRAPETThfhfAI NADmjghAR GIRLS HSS,LIONS TOWN",NANDHIg;ljkujghNI hyutgutufIYA R,42423535436
"KAghfhRAPETThfhfAI NADmjghAR GIRLS HSS,LIONS TOWN",NANDHIg;ljkujghNI hyutgutufIYA R,42423535437
"KAghfhRAPETThfhfAI NADmjghAR GIRLS HSS,LIONS TOWN",NANDHIg;ljkujghNI hyutgutufIYA R,42423535438
"KAghfhRAPETThfhfAI NADmjghAR GIRLS HSS,LIONS TOWN",NANDHIg;ljkujghNI hyutgutufIYA R,42423535439
"KAghfhRAPETThfhfAI NADmjghAR GIRLS HSS,LIONS TOWN",NANDHIg;ljkujghNI hyutgutufIYA R,42423535440
"KAghfhRAPETThfhfAI NADmjghAR GIRLS HSS,LIONS TOWN",NANDHIg;ljkujghNI hyutgutufIYA R,42423535441
"KAghfhRAPETThfhfAI NADmjghAR GIRLS HSS,LIONS TOWN",NANDHIg;ljkujghNI hyutgutufIYA R,42423535442
"KAghfhRAPETThfhfAI NADmjghAR GIRLS HSS,LIONS TOWN",NANDHIg;ljkujghNI hyutgutufIYA R,42423535443
"KAghfhRAPETThfhfAI NADmjghAR GIRLS HSS,LIONS TOWN",NANDHIg;ljkujghNI hyutgutufIYA R,42423535444
"KAghfhRAPETThfhfAI NADmjghAR GIRLS HSS,LIONS TOWN",NANDHIg;ljkujghNI hyutgutufIYA R,42423535445
"KAghfhRAPETThfhfAI NADmjghAR GIRLS HSS,LIONS TOWN",NANDHIg;ljkujghNI hyutgutufIYA R,42423535446
"KAghfhRAPETThfhfAI NADmjghAR GIRLS HSS,LIONS TOWN",NANDHIg;ljkujghNI hyutgutufIYA R,42423535447
"KAghfhRAPETThfhfAI NADmjghAR GIRLS HSS,LIONS TOWN",NANDHIg;ljkujghNI hyutgutufIYA R,42423535448
"KAghfhRAPETThfhfAI NADmjghAR GIRLS HSS,LIONS TOWN",NANDHIg;ljkujghNI hyutgutufIYA R,42423535449
"KAghfhRAPETThfhfAI NADmjghAR GIRLS HSS,LIONS TOWN",NANDHIg;ljkujghNI hyutgutufIYA R,42423535450
"KAghfhRAPETThfhfAI NADmjghAR GIRLS HSS,LIONS TOWN",NANDHIg;ljkujghNI hyutgutufIYA R,42423535451
"KAghfhRAPETThfhfAI NADmjghAR GIRLS HSS,LIONS TOWN",NANDHIg;ljkujghNI hyutgutufIYA R,42423535452
"KAghfhRAPETThfhfAI NADmjghAR GIRLS HSS,LIONS TOWN",NANDHIg;ljkujghNI hyutgutufIYA R,42423535453
"KAghfhRAPETThfhfAI NADmjghAR GIRLS HSS,LIONS TOWN",NANDHIg;ljkujghNI hyutgutufIYA R,42423535454
"KAghfhRAPETThfhfAI NADmjghAR GIRLS HSS,LIONS TOWN",NANDHIg;ljkujghNI hyutgutufIYA R,42423535455
"KAghfhRAPETThfhfAI NADmjghAR GIRLS HSS,LIONS TOWN",NANDHIg;ljkujghNI hyutgutufIYA R,42423535456
"KAghfhRAPETThfhfAI NADmjghAR GIRLS HSS,LIONS TOWN",NANDHIg;ljkujghNI hyutgutufIYA R,42423535457
"KAghfhRAPETThfhfAI NADmjghAR GIRLS HSS,LIONS TOWN",NANDHIg;ljkujghNI hyutgutufIYA R,42423535458
"KAghfhRAPETThfhfAI NADmjghAR GIRLS HSS,LIONS TOWN",NANDHIg;ljkujghNI hyutgutufIYA R,42423535459
"KAghfhRAPETThfhfAI NADmjghAR GIRLS HSS,LIONS TOWN",NANDHIg;ljkujghNI hyutgutufIYA R,42423535460
"KAghfhRAPETThfhfAI NADmjghAR GIRLS HSS,LIONS TOWN",NANDHIg;ljkujghNI hyutgutufIYA R,42423535461
"KAghfhRAPETThfhfAI NADmjghAR GIRLS HSS,LIONS TOWN",NANDHIg;ljkujghNI hyutgutufIYA R,42423535462
"KAghfhRAPETThfhfAI NADmjghAR GIRLS HSS,LIONS TOWN",NANDHIg;ljkujghNI hyutgutufIYA R,42423535463
"KAghfhRAPETThfhfAI NADmjghAR GIRLS HSS,LIONS TOWN",NANDHIg;ljkujghNI hyutgutufIYA R,42423535464
"KAghfhRAPETThfhfAI NADmjghAR GIRLS HSS,LIONS TOWN",NANDHIg;ljkujghNI hyutgutufIYA R,42423535465
"KAghfhRAPETThfhfAI NADmjghAR GIRLS HSS,LIONS TOWN",NANDHIg;ljkujghNI hyutgutufIYA R,42423535466
"KAghfhRAPETThfhfAI NADmjghAR GIRLS HSS,LIONS TOWN",NANDHIg;ljkujghNI hyutgutufIYA R,42423535467
"KAghfhRAPETThfhfAI NADmjghAR GIRLS HSS,LIONS TOWN",NANDHIg;ljkujghNI hyutgutufIYA R,42423535468
"KAghfhRAPETThfhfAI NADmjghAR GIRLS HSS,LIONS TOWN",NANDHIg;ljkujghNI hyutgutufIYA R,42423535469
"KAghfhRAPETThfhfAI NADmjghAR GIRLS HSS,LIONS TOWN",NANDHIg;ljkujghNI hyutgutufIYA R,42423535470
"KAghfhRAPETThfhfAI NADmjghAR GIRLS HSS,LIONS TOWN",NANDHIg;ljkujghNI hyutgutufIYA R,42423535471
"KAghfhRAPETThfhfAI NADmjghAR GIRLS HSS,LIONS TOWN",NANDHIg;ljkujghNI hyutgutufIYA R,42423535472
"KAghfhRAPETThfhfAI NADmjghAR GIRLS HSS,LIONS TOWN",NANDHIg;ljkujghNI hyutgutufIYA R,42423535473
"KAghfhRAPETThfhfAI NADmjghAR GIRLS HSS,LIONS TOWN",NANDHIg;ljkujghNI hyutgutufIYA R,42423535474
"KAghfhRAPETThfhfAI NADmjghAR GIRLS HSS,LIONS TOWN",NANDHIg;ljkujghNI hyutgutufIYA R,42423535475
"KAghfhRAPETThfhfAI NADmjghAR GIRLS HSS,LIONS TOWN",NANDHIg;ljkujghNI hyutgutufIYA R,42423535476
"KAghfhRAPETThfhfAI NADmjghAR GIRLS HSS,LIONS TOWN",NANDHIg;ljkujghNI hyutgutufIYA R,42423535477
"KAghfhRAPETThfhfAI NADmjghAR GIRLS HSS,LIONS TOWN",NANDHIg;ljkujghNI hyutgutufIYA R,42423535478
"KAghfhRAPETThfhfAI NADmjghAR GIRLS HSS,LIONS TOWN",NANDHIg;ljkujghNI hyutgutufIYA R,42423535479
"KAghfhRAPETThfhfAI NADmjghAR GIRLS HSS,LIONS TOWN",NANDHIg;ljkujghNI hyutgutufIYA R,42423535480
"KAghfhRAPETThfhfAI NADmjghAR GIRLS HSS,LIONS TOWN",NANDHIg;ljkujghNI hyutgutufIYA R,42423535481
"KAghfhRAPETThfhfAI NADmjghAR GIRLS HSS,LIONS TOWN",NANDHIg;ljkujghNI hyutgutufIYA R,42423535482
"KAghfhRAPETThfhfAI NADmjghAR GIRLS HSS,LIONS TOWN",NANDHIg;ljkujghNI hyutgutufIYA R,42423535483
"KAghfhRAPETThfhfAI NADmjghAR GIRLS HSS,LIONS TOWN",NANDHIg;ljkujghNI hyutgutufIYA R,42423535484
"KAghfhRAPETThfhfAI NADmjghAR GIRLS HSS,LIONS TOWN",NANDHIg;ljkujghNI hyutgutufIYA R,42423535485
"KAghfhRAPETThfhfAI NADmjghAR GIRLS HSS,LIONS TOWN",NANDHIg;ljkujghNI hyutgutufIYA R,42423535486
"KAghfhRAPETThfhfAI NADmjghAR GIRLS HSS,LIONS TOWN",NANDHIg;ljkujghNI hyutgutufIYA R,42423535487
"KAghfhRAPETThfhfAI NADmjghAR GIRLS HSS,LIONS TOWN",NANDHIg;ljkujghNI hyutgutufIYA R,42423535488
"KAghfhRAPETThfhfAI NADmjghAR GIRLS HSS,LIONS TOWN",NANDHIg;ljkujghNI hyutgutufIYA R,42423535489
"KAghfhRAPETThfhfAI NADmjghAR GIRLS HSS,LIONS TOWN",NANDHIg;ljkujghNI hyutgutufIYA R,42423535490
"KAghfhRAPETThfhfAI NADmjghAR GIRLS HSS,LIONS TOWN",NANDHIg;ljkujghNI hyutgutufIYA R,42423535491
"KAghfhRAPETThfhfAI NADmjghAR GIRLS HSS,LIONS TOWN",NANDHIg;ljkujghNI hyutgutufIYA R,42423535492
"KAghfhRAPETThfhfAI NADmjghAR GIRLS HSS,LIONS TOWN",NANDHIg;ljkujghNI hyutgutufIYA R,42423535493
"KAghfhRAPETThfhfAI NADmjghAR GIRLS HSS,LIONS TOWN",NANDHIg;ljkujghNI hyutgutufIYA R,42423535494
"KAghfhRAPETThfhfAI NADmjghAR GIRLS HSS,LIONS TOWN",NANDHIg;ljkujghNI hyutgutufIYA R,42423535495
"KAghfhRAPETThfhfAI NADmjghAR GIRLS HSS,LIONS TOWN",NANDHIg;ljkujghNI hyutgutufIYA R,42423535496
"KAghfhRAPETThfhfAI NADmjghAR GIRLS HSS,LIONS TOWN",NANDHIg;ljkujghNI hyutgutufIYA R,42423535497
"KAghfhRAPETThfhfAI NADmjghAR GIRLS HSS,LIONS TOWN",NANDHIg;ljkujghNI hyutgutufIYA R,42423535498
"KAghfhRAPETThfhfAI NADmjghAR GIRLS HSS,LIONS TOWN",NANDHIg;ljkujghNI hyutgutufIYA R,42423535499
"KAghfhRAPETThfhfAI NADmjghAR GIRLS HSS,LIONS TOWN",NANDHIg;ljkujghNI hyutgutufIYA R,42423535500
"KAghfhRAPETThfhfAI NADmjghAR GIRLS HSS,LIONS TOWN",NANDHIg;ljkujghNI hyutgutufIYA R,42423535501
"KAghfhRAPETThfhfAI NADmjghAR GIRLS HSS,LIONS TOWN",NANDHIg;ljkujghNI hyutgutufIYA R,42423535502
"KAghfhRAPETThfhfAI NADmjghAR GIRLS HSS,LIONS TOWN",NANDHIg;ljkujghNI hyutgutufIYA R,42423535503
"KAghfhRAPETThfhfAI NADmjghAR GIRLS HSS,LIONS TOWN",NANDHIg;ljkujghNI hyutgutufIYA R,42423535504
"KAghfhRAPETThfhfAI NADmjghAR GIRLS HSS,LIONS TOWN",NANDHIg;ljkujghNI hyutgutufIYA R,42423535505
"KAghfhRAPETThfhfAI NADmjghAR GIRLS HSS,LIONS TOWN",NANDHIg;ljkujghNI hyutgutufIYA R,42423535506
"KAghfhRAPETThfhfAI NADmjghAR GIRLS HSS,LIONS TOWN",NANDHIg;ljkujghNI hyutgutufIYA R,42423535507
"KAghfhRAPETThfhfAI NADmjghAR GIRLS HSS,LIONS TOWN",NANDHIg;ljkujghNI hyutgutufIYA R,42423535508
"KAghfhRAPETThfhfAI NADmjghAR GIRLS HSS,LIONS TOWN",NANDHIg;ljkujghNI hyutgutufIYA R,42423535509
"KAghfhRAPETThfhfAI NADmjghAR GIRLS HSS,LIONS TOWN",NANDHIg;ljkujghNI hyutgutufIYA R,42423535510
"KAghfhRAPETThfhfAI NADmjghAR GIRLS HSS,LIONS TOWN",NANDHIg;ljkujghNI hyutgutufIYA R,42423535511
"KAghfhRAPETThfhfAI NADmjghAR GIRLS HSS,LIONS TOWN",NANDHIg;ljkujghNI hyutgutufIYA R,42423535512
"KAghfhRAPETThfhfAI NADmjghAR GIRLS HSS,LIONS TOWN",NANDHIg;ljkujghNI hyutgutufIYA R,42423535513
"KAghfhRAPETThfhfAI NADmjghAR GIRLS HSS,LIONS TOWN",NANDHIg;ljkujghNI hyutgutufIYA R,42423535514
"KAghfhRAPETThfhfAI NADmjghAR GIRLS HSS,LIONS TOWN",NANDHIg;ljkujghNI hyutgutufIYA R,42423535515
"KAghfhRAPETThfhfAI NADmjghAR GIRLS HSS,LIONS TOWN",NANDHIg;ljkujghNI hyutgutufIYA R,42423535516
"KAghfhRAPETThfhfAI NADmjghAR GIRLS HSS,LIONS TOWN",NANDHIg;ljkujghNI hyutgutufIYA R,42423535517
"KAghfhRAPETThfhfAI NADmjghAR GIRLS HSS,LIONS TOWN",NANDHIg;ljkujghNI hyutgutufIYA R,42423535518
"KAghfhRAPETThfhfAI NADmjghAR GIRLS HSS,LIONS TOWN",NANDHIg;ljkujghNI hyutgutufIYA R,42423535519
"KAghfhRAPETThfhfAI NADmjghAR GIRLS HSS,LIONS TOWN",NANDHIg;ljkujghNI hyutgutufIYA R,42423535520
"KAghfhRAPETThfhfAI NADmjghAR GIRLS HSS,LIONS TOWN",NANDHIg;ljkujghNI hyutgutufIYA R,42423535521
"KAghfhRAPETThfhfAI NADmjghAR GIRLS HSS,LIONS TOWN",NANDHIg;ljkujghNI hyutgutufIYA R,42423535522
"KAghfhRAPETThfhfAI NADmjghAR GIRLS HSS,LIONS TOWN",NANDHIg;ljkujghNI hyutgutufIYA R,42423535523
"KAghfhRAPETThfhfAI NADmjghAR GIRLS HSS,LIONS TOWN",NANDHIg;ljkujghNI hyutgutufIYA R,42423535524
"KAghfhRAPETThfhfAI NADmjghAR GIRLS HSS,LIONS TOWN",NANDHIg;ljkujghNI hyutgutufIYA R,42423535525
"KAghfhRAPETThfhfAI NADmjghAR GIRLS HSS,LIONS TOWN",NANDHIg;ljkujghNI hyutgutufIYA R,42423535526
"KAghfhRAPETThfhfAI NADmjghAR GIRLS HSS,LIONS TOWN",NANDHIg;ljkujghNI hyutgutufIYA R,42423535527
"KAghfhRAPETThfhfAI NADmjghAR GIRLS HSS,LIONS TOWN",NANDHIg;ljkujghNI hyutgutufIYA R,42423535528
"KAghfhRAPETThfhfAI NADmjghAR GIRLS HSS,LIONS TOWN",NANDHIg;ljkujghNI hyutgutufIYA R,42423535529
"KAghfhRAPETThfhfAI NADmjghAR GIRLS HSS,LIONS TOWN",NANDHIg;ljkujghNI hyutgutufIYA R,42423535530
"KAghfhRAPETThfhfAI NADmjghAR GIRLS HSS,LIONS TOWN",NANDHIg;ljkujghNI hyutgutufIYA R,42423535531
"KAghfhRAPETThfhfAI NADmjghAR GIRLS HSS,LIONS TOWN",NANDHIg;ljkujghNI hyutgutufIYA R,42423535532
"KAghfhRAPETThfhfAI NADmjghAR GIRLS HSS,LIONS TOWN",NANDHIg;ljkujghNI hyutgutufIYA R,42423535533
"KAghfhRAPETThfhfAI NADmjghAR GIRLS HSS,LIONS TOWN",NANDHIg;ljkujghNI hyutgutufIYA R,42423535534
"KAghfhRAPETThfhfAI NADmjghAR GIRLS HSS,LIONS TOWN",NANDHIg;ljkujghNI hyutgutufIYA R,42423535535
"KAghfhRAPETThfhfAI NADmjghAR GIRLS HSS,LIONS TOWN",NANDHIg;ljkujghNI hyutgutufIYA R,42423535536
"KAghfhRAPETThfhfAI NADmjghAR GIRLS HSS,LIONS TOWN",NANDHIg;ljkujghNI hyutgutufIYA R,42423535537
"KAghfhRAPETThfhfAI NADmjghAR GIRLS HSS,LIONS TOWN",NANDHIg;ljkujghNI hyutgutufIYA R,42423535538
"KAghfhRAPETThfhfAI NADmjghAR GIRLS HSS,LIONS TOWN",NANDHIg;ljkujghNI hyutgutufIYA R,42423535539
"KAghfhRAPETThfhfAI NADmjghAR GIRLS HSS,LIONS TOWN",NANDHIg;ljkujghNI hyutgutufIYA R,42423535540
"KAghfhRAPETThfhfAI NADmjghAR GIRLS HSS,LIONS TOWN",NANDHIg;ljkujghNI hyutgutufIYA R,42423535541
"KAghfhRAPETThfhfAI NADmjghAR GIRLS HSS,LIONS TOWN",NANDHIg;ljkujghNI hyutgutufIYA R,42423535542
"KAghfhRAPETThfhfAI NADmjghAR GIRLS HSS,LIONS TOWN",NANDHIg;ljkujghNI hyutgutufIYA R,42423535543
"KAghfhRAPETThfhfAI NADmjghAR GIRLS HSS,LIONS TOWN",NANDHIg;ljkujghNI hyutgutufIYA R,42423535544
"KAghfhRAPETThfhfAI NADmjghAR GIRLS HSS,LIONS TOWN",NANDHIg;ljkujghNI hyutgutufIYA R,42423535545
"KAghfhRAPETThfhfAI NADmjghAR GIRLS HSS,LIONS TOWN",NANDHIg;ljkujghNI hyutgutufIYA R,42423535546
"KAghfhRAPETThfhfAI NADmjghAR GIRLS HSS,LIONS TOWN",NANDHIg;ljkujghNI hyutgutufIYA R,42423535547
"KAghfhRAPETThfhfAI NADmjghAR GIRLS HSS,LIONS TOWN",NANDHIg;ljkujghNI hyutgutufIYA R,42423535548
"KAghfhRAPETThfhfAI NADmjghAR GIRLS HSS,LIONS TOWN",NANDHIg;ljkujghNI hyutgutufIYA R,42423535549
"KAghfhRAPETThfhfAI NADmjghAR GIRLS HSS,LIONS TOWN",NANDHIg;ljkujghNI hyutgutufIYA R,42423535550
"KAghfhRAPETThfhfAI NADmjghAR GIRLS HSS,LIONS TOWN",NANDHIg;ljkujghNI hyutgutufIYA R,42423535551
"KAghfhRAPETThfhfAI NADmjghAR GIRLS HSS,LIONS TOWN",NANDHIg;ljkujghNI hyutgutufIYA R,42423535552
"KAghfhRAPETThfhfAI NADmjghAR GIRLS HSS,LIONS TOWN",NANDHIg;ljkujghNI hyutgutufIYA R,42423535553
"KAghfhRAPETThfhfAI NADmjghAR GIRLS HSS,LIONS TOWN",NANDHIg;ljkujghNI hyutgutufIYA R,42423535554
"KAghfhRAPETThfhfAI NADmjghAR GIRLS HSS,LIONS TOWN",NANDHIg;ljkujghNI hyutgutufIYA R,42423535555
"KAghfhRAPETThfhfAI NADmjghAR GIRLS HSS,LIONS TOWN",NANDHIg;ljkujghNI hyutgutufIYA R,42423535556
"KAghfhRAPETThfhfAI NADmjghAR GIRLS HSS,LIONS TOWN",NANDHIg;ljkujghNI hyutgutufIYA R,42423535557
"KAghfhRAPETThfhfAI NADmjghAR GIRLS HSS,LIONS TOWN",NANDHIg;ljkujghNI hyutgutufIYA R,42423535558
"KAghfhRAPETThfhfAI NADmjghAR GIRLS HSS,LIONS TOWN",NANDHIg;ljkujghNI hyutgutufIYA R,42423535559
"KAghfhRAPETThfhfAI NADmjghAR GIRLS HSS,LIONS TOWN",NANDHIg;ljkujghNI hyutgutufIYA R,42423535560
"KAghfhRAPETThfhfAI NADmjghAR GIRLS HSS,LIONS TOWN",NANDHIg;ljkujghNI hyutgutufIYA R,42423535561
"KAghfhRAPETThfhfAI NADmjghAR GIRLS HSS,LIONS TOWN",NANDHIg;ljkujghNI hyutgutufIYA R,42423535562
"KAghfhRAPETThfhfAI NADmjghAR GIRLS HSS,LIONS TOWN",NANDHIg;ljkujghNI hyutgutufIYA R,42423535563
"KAghfhRAPETThfhfAI NADmjghAR GIRLS HSS,LIONS TOWN",NANDHIg;ljkujghNI hyutgutufIYA R,42423535564
"KAghfhRAPETThfhfAI NADmjghAR GIRLS HSS,LIONS TOWN",NANDHIg;ljkujghNI hyutgutufIYA R,42423535565
"KAghfhRAPETThfhfAI NADmjghAR GIRLS HSS,LIONS TOWN",NANDHIg;ljkujghNI hyutgutufIYA R,42423535566
"KAghfhRAPETThfhfAI NADmjghAR GIRLS HSS,LIONS TOWN",NANDHIg;ljkujghNI hyutgutufIYA R,42423535567
"KAghfhRAPETThfhfAI NADmjghAR GIRLS HSS,LIONS TOWN",NANDHIg;ljkujghNI hyutgutufIYA R,42423535568
"KAghfhRAPETThfhfAI NADmjghAR GIRLS HSS,LIONS TOWN",NANDHIg;ljkujghNI hyutgutufIYA R,42423535569
"KAghfhRAPETThfhfAI NADmjghAR GIRLS HSS,LIONS TOWN",NANDHIg;ljkujghNI hyutgutufIYA R,42423535570
"KAghfhRAPETThfhfAI NADmjghAR GIRLS HSS,LIONS TOWN",NANDHIg;ljkujghNI hyutgutufIYA R,42423535571
"KAghfhRAPETThfhfAI NADmjghAR GIRLS HSS,LIONS TOWN",NANDHIg;ljkujghNI hyutgutufIYA R,42423535572
"KAghfhRAPETThfhfAI NADmjghAR GIRLS HSS,LIONS TOWN",NANDHIg;ljkujghNI hyutgutufIYA R,42423535573
"KAghfhRAPETThfhfAI NADmjghAR GIRLS HSS,LIONS TOWN",NANDHIg;ljkujghNI hyutgutufIYA R,42423535574
"KAghfhRAPETThfhfAI NADmjghAR GIRLS HSS,LIONS TOWN",NANDHIg;ljkujghNI hyutgutufIYA R,42423535575
"KAghfhRAPETThfhfAI NADmjghAR GIRLS HSS,LIONS TOWN",NANDHIg;ljkujghNI hyutgutufIYA R,42423535576
"KAghfhRAPETThfhfAI NADmjghAR GIRLS HSS,LIONS TOWN",NANDHIg;ljkujghNI hyutgutufIYA R,42423535577
"KAghfhRAPETThfhfAI NADmjghAR GIRLS HSS,LIONS TOWN",NANDHIg;ljkujghNI hyutgutufIYA R,42423535578
"KAghfhRAPETThfhfAI NADmjghAR GIRLS HSS,LIONS TOWN",NANDHIg;ljkujghNI hyutgutufIYA R,42423535579
"KAghfhRAPETThfhfAI NADmjghAR GIRLS HSS,LIONS TOWN",NANDHIg;ljkujghNI hyutgutufIYA R,42423535580
"KAghfhRAPETThfhfAI NADmjghAR GIRLS HSS,LIONS TOWN",NANDHIg;ljkujghNI hyutgutufIYA R,42423535581
"KAghfhRAPETThfhfAI NADmjghAR GIRLS HSS,LIONS TOWN",NANDHIg;ljkujghNI hyutgutufIYA R,42423535582
"KAghfhRAPETThfhfAI NADmjghAR GIRLS HSS,LIONS TOWN",NANDHIg;ljkujghNI hyutgutufIYA R,42423535583
"KAghfhRAPETThfhfAI NADmjghAR GIRLS HSS,LIONS TOWN",NANDHIg;ljkujghNI hyutgutufIYA R,42423535584
"KAghfhRAPETThfhfAI NADmjghAR GIRLS HSS,LIONS TOWN",NANDHIg;ljkujghNI hyutgutufIYA R,42423535585
"KAghfhRAPETThfhfAI NADmjghAR GIRLS HSS,LIONS TOWN",NANDHIg;ljkujghNI hyutgutufIYA R,42423535586
"KAghfhRAPETThfhfAI NADmjghAR GIRLS HSS,LIONS TOWN",NANDHIg;ljkujghNI hyutgutufIYA R,42423535587
"KAghfhRAPETThfhfAI NADmjghAR GIRLS HSS,LIONS TOWN",NANDHIg;ljkujghNI hyutgutufIYA R,42423535588
"KAghfhRAPETThfhfAI NADmjghAR GIRLS HSS,LIONS TOWN",NANDHIg;ljkujghNI hyutgutufIYA R,42423535589
"KAghfhRAPETThfhfAI NADmjghAR GIRLS HSS,LIONS TOWN",NANDHIg;ljkujghNI hyutgutufIYA R,42423535590
"KAghfhRAPETThfhfAI NADmjghAR GIRLS HSS,LIONS TOWN",NANDHIg;ljkujghNI hyutgutufIYA R,42423535591
"KAghfhRAPETThfhfAI NADmjghAR GIRLS HSS,LIONS TOWN",NANDHIg;ljkujghNI hyutgutufIYA R,42423535592
"KAghfhRAPETThfhfAI NADmjghAR GIRLS HSS,LIONS TOWN",NANDHIg;ljkujghNI hyutgutufIYA R,42423535593
"KAghfhRAPETThfhfAI NADmjghAR GIRLS HSS,LIONS TOWN",NANDHIg;ljkujghNI hyutgutufIYA R,42423535594
"KAghfhRAPETThfhfAI NADmjghAR GIRLS HSS,LIONS TOWN",NANDHIg;ljkujghNI hyutgutufIYA R,42423535595
"KAghfhRAPETThfhfAI NADmjghAR GIRLS HSS,LIONS TOWN",NANDHIg;ljkujghNI hyutgutufIYA R,42423535596
"KAghfhRAPETThfhfAI NADmjghAR GIRLS HSS,LIONS TOWN",NANDHIg;ljkujghNI hyutgutufIYA R,42423535597
"KAghfhRAPETThfhfAI NADmjghAR GIRLS HSS,LIONS TOWN",NANDHIg;ljkujghNI hyutgutufIYA R,42423535598
"KAghfhRAPETThfhfAI NADmjghAR GIRLS HSS,LIONS TOWN",NANDHIg;ljkujghNI hyutgutufIYA R,42423535599
"KAghfhRAPETThfhfAI NADmjghAR GIRLS HSS,LIONS TOWN",NANDHIg;ljkujghNI hyutgutufIYA R,42423535600
"KAghfhRAPETThfhfAI NADmjghAR GIRLS HSS,LIONS TOWN",NANDHIg;ljkujghNI hyutgutufIYA R,42423535601
"KAghfhRAPETThfhfAI NADmjghAR GIRLS HSS,LIONS TOWN",NANDHIg;ljkujghNI hyutgutufIYA R,42423535602
"KAghfhRAPETThfhfAI NADmjghAR GIRLS HSS,LIONS TOWN",NANDHIg;ljkujghNI hyutgutufIYA R,42423535603
"KAghfhRAPETThfhfAI NADmjghAR GIRLS HSS,LIONS TOWN",NANDHIg;ljkujghNI hyutgutufIYA R,42423535604
"KAghfhRAPETThfhfAI NADmjghAR GIRLS HSS,LIONS TOWN",NANDHIg;ljkujghNI hyutgutufIYA R,42423535605
"KAghfhRAPETThfhfAI NADmjghAR GIRLS HSS,LIONS TOWN",NANDHIg;ljkujghNI hyutgutufIYA R,42423535606
"KAghfhRAPETThfhfAI NADmjghAR GIRLS HSS,LIONS TOWN",NANDHIg;ljkujghNI hyutgutufIYA R,42423535607
"KAghfhRAPETThfhfAI NADmjghAR GIRLS HSS,LIONS TOWN",NANDHIg;ljkujghNI hyutgutufIYA R,42423535608
"KAghfhRAPETThfhfAI NADmjghAR GIRLS HSS,LIONS TOWN",NANDHIg;ljkujghNI hyutgutufIYA R,42423535609
"KAghfhRAPETThfhfAI NADmjghAR GIRLS HSS,LIONS TOWN",NANDHIg;ljkujghNI hyutgutufIYA R,42423535610
"KAghfhRAPETThfhfAI NADmjghAR GIRLS HSS,LIONS TOWN",NANDHIg;ljkujghNI hyutgutufIYA R,42423535611
"KAghfhRAPETThfhfAI NADmjghAR GIRLS HSS,LIONS TOWN",NANDHIg;ljkujghNI hyutgutufIYA R,42423535612
"KAghfhRAPETThfhfAI NADmjghAR GIRLS HSS,LIONS TOWN",NANDHIg;ljkujghNI hyutgutufIYA R,42423535613
"KAghfhRAPETThfhfAI NADmjghAR GIRLS HSS,LIONS TOWN",NANDHIg;ljkujghNI hyutgutufIYA R,42423535614
"KAghfhRAPETThfhfAI NADmjghAR GIRLS HSS,LIONS TOWN",NANDHIg;ljkujghNI hyutgutufIYA R,42423535615
"KAghfhRAPETThfhfAI NADmjghAR GIRLS HSS,LIONS TOWN",NANDHIg;ljkujghNI hyutgutufIYA R,42423535616
"KAghfhRAPETThfhfAI NADmjghAR GIRLS HSS,LIONS TOWN",NANDHIg;ljkujghNI hyutgutufIYA R,42423535617
"KAghfhRAPETThfhfAI NADmjghAR GIRLS HSS,LIONS TOWN",NANDHIg;ljkujghNI hyutgutufIYA R,42423535618
"KAghfhRAPETThfhfAI NADmjghAR GIRLS HSS,LIONS TOWN",NANDHIg;ljkujghNI hyutgutufIYA R,42423535619
"KAghfhRAPETThfhfAI NADmjghAR GIRLS HSS,LIONS TOWN",NANDHIg;ljkujghNI hyutgutufIYA R,42423535620
"KAghfhRAPETThfhfAI NADmjghAR GIRLS HSS,LIONS TOWN",NANDHIg;ljkujghNI hyutgutufIYA R,42423535621
"KAghfhRAPETThfhfAI NADmjghAR GIRLS HSS,LIONS TOWN",NANDHIg;ljkujghNI hyutgutufIYA R,42423535622
"KAghfhRAPETThfhfAI NADmjghAR GIRLS HSS,LIONS TOWN",NANDHIg;ljkujghNI hyutgutufIYA R,42423535623
"KAghfhRAPETThfhfAI NADmjghAR GIRLS HSS,LIONS TOWN",NANDHIg;ljkujghNI hyutgutufIYA R,42423535624
"KAghfhRAPETThfhfAI NADmjghAR GIRLS HSS,LIONS TOWN",NANDHIg;ljkujghNI hyutgutufIYA R,42423535625
"KAghfhRAPETThfhfAI NADmjghAR GIRLS HSS,LIONS TOWN",NANDHIg;ljkujghNI hyutgutufIYA R,42423535626
"KAghfhRAPETThfhfAI NADmjghAR GIRLS HSS,LIONS TOWN",NANDHIg;ljkujghNI hyutgutufIYA R,42423535627
"KAghfhRAPETThfhfAI NADmjghAR GIRLS HSS,LIONS TOWN",NANDHIg;ljkujghNI hyutgutufIYA R,42423535628
"KAghfhRAPETThfhfAI NADmjghAR GIRLS HSS,LIONS TOWN",NANDHIg;ljkujghNI hyutgutufIYA R,42423535629
"KAghfhRAPETThfhfAI NADmjghAR GIRLS HSS,LIONS TOWN",NANDHIg;ljkujghNI hyutgutufIYA R,42423535630
"KAghfhRAPETThfhfAI NADmjghAR GIRLS HSS,LIONS TOWN",NANDHIg;ljkujghNI hyutgutufIYA R,42423535631
"KAghfhRAPETThfhfAI NADmjghAR GIRLS HSS,LIONS TOWN",NANDHIg;ljkujghNI hyutgutufIYA R,42423535632
"KAghfhRAPETThfhfAI NADmjghAR GIRLS HSS,LIONS TOWN",NANDHIg;ljkujghNI hyutgutufIYA R,42423535633
"KAghfhRAPETThfhfAI NADmjghAR GIRLS HSS,LIONS TOWN",NANDHIg;ljkujghNI hyutgutufIYA R,42423535634
"KAghfhRAPETThfhfAI NADmjghAR GIRLS HSS,LIONS TOWN",NANDHIg;ljkujghNI hyutgutufIYA R,42423535635
"KAghfhRAPETThfhfAI NADmjghAR GIRLS HSS,LIONS TOWN",NANDHIg;ljkujghNI hyutgutufIYA R,42423535636
"KAghfhRAPETThfhfAI NADmjghAR GIRLS HSS,LIONS TOWN",NANDHIg;ljkujghNI hyutgutufIYA R,42423535637
"KAghfhRAPETThfhfAI NADmjghAR GIRLS HSS,LIONS TOWN",NANDHIg;ljkujghNI hyutgutufIYA R,42423535638
"KAghfhRAPETThfhfAI NADmjghAR GIRLS HSS,LIONS TOWN",NANDHIg;ljkujghNI hyutgutufIYA R,42423535639
"KAghfhRAPETThfhfAI NADmjghAR GIRLS HSS,LIONS TOWN",NANDHIg;ljkujghNI hyutgutufIYA R,42423535640
"KAghfhRAPETThfhfAI NADmjghAR GIRLS HSS,LIONS TOWN",NANDHIg;ljkujghNI hyutgutufIYA R,42423535641
"KAghfhRAPETThfhfAI NADmjghAR GIRLS HSS,LIONS TOWN",NANDHIg;ljkujghNI hyutgutufIYA R,42423535642
"KAghfhRAPETThfhfAI NADmjghAR GIRLS HSS,LIONS TOWN",NANDHIg;ljkujghNI hyutgutufIYA R,42423535643
"KAghfhRAPETThfhfAI NADmjghAR GIRLS HSS,LIONS TOWN",NANDHIg;ljkujghNI hyutgutufIYA R,42423535644
"KAghfhRAPETThfhfAI NADmjghAR GIRLS HSS,LIONS TOWN",NANDHIg;ljkujghNI hyutgutufIYA R,42423535645
"KAghfhRAPETThfhfAI NADmjghAR GIRLS HSS,LIONS TOWN",NANDHIg;ljkujghNI hyutgutufIYA R,42423535646
"KAghfhRAPETThfhfAI NADmjghAR GIRLS HSS,LIONS TOWN",NANDHIg;ljkujghNI hyutgutufIYA R,42423535647
"KAghfhRAPETThfhfAI NADmjghAR GIRLS HSS,LIONS TOWN",NANDHIg;ljkujghNI hyutgutufIYA R,42423535648
"KAghfhRAPETThfhfAI NADmjghAR GIRLS HSS,LIONS TOWN",NANDHIg;ljkujghNI hyutgutufIYA R,42423535649
"KAghfhRAPETThfhfAI NADmjghAR GIRLS HSS,LIONS TOWN",NANDHIg;ljkujghNI hyutgutufIYA R,42423535650
"KAghfhRAPETThfhfAI NADmjghAR GIRLS HSS,LIONS TOWN",NANDHIg;ljkujghNI hyutgutufIYA R,42423535651
"KAghfhRAPETThfhfAI NADmjghAR GIRLS HSS,LIONS TOWN",NANDHIg;ljkujghNI hyutgutufIYA R,42423535652
"KAghfhRAPETThfhfAI NADmjghAR GIRLS HSS,LIONS TOWN",NANDHIg;ljkujghNI hyutgutufIYA R,42423535653
"KAghfhRAPETThfhfAI NADmjghAR GIRLS HSS,LIONS TOWN",NANDHIg;ljkujghNI hyutgutufIYA R,42423535654
"KAghfhRAPETThfhfAI NADmjghAR GIRLS HSS,LIONS TOWN",NANDHIg;ljkujghNI hyutgutufIYA R,42423535655
"KAghfhRAPETThfhfAI NADmjghAR GIRLS HSS,LIONS TOWN",NANDHIg;ljkujghNI hyutgutufIYA R,42423535656
"KAghfhRAPETThfhfAI NADmjghAR GIRLS HSS,LIONS TOWN",NANDHIg;ljkujghNI hyutgutufIYA R,42423535657
"KAghfhRAPETThfhfAI NADmjghAR GIRLS HSS,LIONS TOWN",NANDHIg;ljkujghNI hyutgutufIYA R,42423535658
"KAghfhRAPETThfhfAI NADmjghAR GIRLS HSS,LIONS TOWN",NANDHIg;ljkujghNI hyutgutufIYA R,42423535659
"KAghfhRAPETThfhfAI NADmjghAR GIRLS HSS,LIONS TOWN",NANDHIg;ljkujghNI hyutgutufIYA R,42423535660
"KAghfhRAPETThfhfAI NADmjghAR GIRLS HSS,LIONS TOWN",NANDHIg;ljkujghNI hyutgutufIYA R,42423535661
"KAghfhRAPETThfhfAI NADmjghAR GIRLS HSS,LIONS TOWN",NANDHIg;ljkujghNI hyutgutufIYA R,42423535662
"KAghfhRAPETThfhfAI NADmjghAR GIRLS HSS,LIONS TOWN",NANDHIg;ljkujghNI hyutgutufIYA R,42423535663
"KAghfhRAPETThfhfAI NADmjghAR GIRLS HSS,LIONS TOWN",NANDHIg;ljkujghNI hyutgutufIYA R,42423535664
"KAghfhRAPETThfhfAI NADmjghAR GIRLS HSS,LIONS TOWN",NANDHIg;ljkujghNI hyutgutufIYA R,42423535665
"KAghfhRAPETThfhfAI NADmjghAR GIRLS HSS,LIONS TOWN",NANDHIg;ljkujghNI hyutgutufIYA R,42423535666
"KAghfhRAPETThfhfAI NADmjghAR GIRLS HSS,LIONS TOWN",NANDHIg;ljkujghNI hyutgutufIYA R,42423535667
"KAghfhRAPETThfhfAI NADmjghAR GIRLS HSS,LIONS TOWN",NANDHIg;ljkujghNI hyutgutufIYA R,42423535668
"KAghfhRAPETThfhfAI NADmjghAR GIRLS HSS,LIONS TOWN",NANDHIg;ljkujghNI hyutgutufIYA R,42423535669
"KAghfhRAPETThfhfAI NADmjghAR GIRLS HSS,LIONS TOWN",NANDHIg;ljkujghNI hyutgutufIYA R,42423535670
"KAghfhRAPETThfhfAI NADmjghAR GIRLS HSS,LIONS TOWN",NANDHIg;ljkujghNI hyutgutufIYA R,42423535671
"KAghfhRAPETThfhfAI NADmjghAR GIRLS HSS,LIONS TOWN",NANDHIg;ljkujghNI hyutgutufIYA R,42423535672
"KAghfhRAPETThfhfAI NADmjghAR GIRLS HSS,LIONS TOWN",NANDHIg;ljkujghNI hyutgutufIYA R,42423535673
"KAghfhRAPETThfhfAI NADmjghAR GIRLS HSS,LIONS TOWN",NANDHIg;ljkujghNI hyutgutufIYA R,42423535674
"KAghfhRAPETThfhfAI NADmjghAR GIRLS HSS,LIONS TOWN",NANDHIg;ljkujghNI hyutgutufIYA R,42423535675
"KAghfhRAPETThfhfAI NADmjghAR GIRLS HSS,LIONS TOWN",NANDHIg;ljkujghNI hyutgutufIYA R,42423535676
"KAghfhRAPETThfhfAI NADmjghAR GIRLS HSS,LIONS TOWN",NANDHIg;ljkujghNI hyutgutufIYA R,42423535677
"KAghfhRAPETThfhfAI NADmjghAR GIRLS HSS,LIONS TOWN",NANDHIg;ljkujghNI hyutgutufIYA R,42423535678
"KAghfhRAPETThfhfAI NADmjghAR GIRLS HSS,LIONS TOWN",NANDHIg;ljkujghNI hyutgutufIYA R,42423535679
"KAghfhRAPETThfhfAI NADmjghAR GIRLS HSS,LIONS TOWN",NANDHIg;ljkujghNI hyutgutufIYA R,42423535680
"KAghfhRAPETThfhfAI NADmjghAR GIRLS HSS,LIONS TOWN",NANDHIg;ljkujghNI hyutgutufIYA R,42423535681
"KAghfhRAPETThfhfAI NADmjghAR GIRLS HSS,LIONS TOWN",NANDHIg;ljkujghNI hyutgutufIYA R,42423535682
"KAghfhRAPETThfhfAI NADmjghAR GIRLS HSS,LIONS TOWN",NANDHIg;ljkujghNI hyutgutufIYA R,42423535683
"KAghfhRAPETThfhfAI NADmjghAR GIRLS HSS,LIONS TOWN",NANDHIg;ljkujghNI hyutgutufIYA R,42423535684
"KAghfhRAPETThfhfAI NADmjghAR GIRLS HSS,LIONS TOWN",NANDHIg;ljkujghNI hyutgutufIYA R,42423535685
"KAghfhRAPETThfhfAI NADmjghAR GIRLS HSS,LIONS TOWN",NANDHIg;ljkujghNI hyutgutufIYA R,42423535686
"KAghfhRAPETThfhfAI NADmjghAR GIRLS HSS,LIONS TOWN",NANDHIg;ljkujghNI hyutgutufIYA R,42423535687
"KAghfhRAPETThfhfAI NADmjghAR GIRLS HSS,LIONS TOWN",NANDHIg;ljkujghNI hyutgutufIYA R,42423535688
"KAghfhRAPETThfhfAI NADmjghAR GIRLS HSS,LIONS TOWN",NANDHIg;ljkujghNI hyutgutufIYA R,42423535689
"KAghfhRAPETThfhfAI NADmjghAR GIRLS HSS,LIONS TOWN",NANDHIg;ljkujghNI hyutgutufIYA R,42423535690
"KAghfhRAPETThfhfAI NADmjghAR GIRLS HSS,LIONS TOWN",NANDHIg;ljkujghNI hyutgutufIYA R,42423535691
"KAghfhRAPETThfhfAI NADmjghAR GIRLS HSS,LIONS TOWN",NANDHIg;ljkujghNI hyutgutufIYA R,42423535692
"KAghfhRAPETThfhfAI NADmjghAR GIRLS HSS,LIONS TOWN",NANDHIg;ljkujghNI hyutgutufIYA R,42423535693
"KAghfhRAPETThfhfAI NADmjghAR GIRLS HSS,LIONS TOWN",NANDHIg;ljkujghNI hyutgutufIYA R,42423535694
"KAghfhRAPETThfhfAI NADmjghAR GIRLS HSS,LIONS TOWN",NANDHIg;ljkujghNI hyutgutufIYA R,42423535695
"KAghfhRAPETThfhfAI NADmjghAR GIRLS HSS,LIONS TOWN",NANDHIg;ljkujghNI hyutgutufIYA R,42423535696
"KAghfhRAPETThfhfAI NADmjghAR GIRLS HSS,LIONS TOWN",NANDHIg;ljkujghNI hyutgutufIYA R,42423535697
"KAghfhRAPETThfhfAI NADmjghAR GIRLS HSS,LIONS TOWN",NANDHIg;ljkujghNI hyutgutufIYA R,42423535698
"KAghfhRAPETThfhfAI NADmjghAR GIRLS HSS,LIONS TOWN",NANDHIg;ljkujghNI hyutgutufIYA R,42423535699
"KAghfhRAPETThfhfAI NADmjghAR GIRLS HSS,LIONS TOWN",NANDHIg;ljkujghNI hyutgutufIYA R,42423535700
"KAghfhRAPETThfhfAI NADmjghAR GIRLS HSS,LIONS TOWN",NANDHIg;ljkujghNI hyutgutufIYA R,42423535701
"KAghfhRAPETThfhfAI NADmjghAR GIRLS HSS,LIONS TOWN",NANDHIg;ljkujghNI hyutgutufIYA R,42423535702
"KAghfhRAPETThfhfAI NADmjghAR GIRLS HSS,LIONS TOWN",NANDHIg;ljkujghNI hyutgutufIYA R,42423535703
"KAghfhRAPETThfhfAI NADmjghAR GIRLS HSS,LIONS TOWN",NANDHIg;ljkujghNI hyutgutufIYA R,42423535704
"KAghfhRAPETThfhfAI NADmjghAR GIRLS HSS,LIONS TOWN",NANDHIg;ljkujghNI hyutgutufIYA R,42423535705
"KAghfhRAPETThfhfAI NADmjghAR GIRLS HSS,LIONS TOWN",NANDHIg;ljkujghNI hyutgutufIYA R,42423535706
"KAghfhRAPETThfhfAI NADmjghAR GIRLS HSS,LIONS TOWN",NANDHIg;ljkujghNI hyutgutufIYA R,42423535707
"KAghfhRAPETThfhfAI NADmjghAR GIRLS HSS,LIONS TOWN",NANDHIg;ljkujghNI hyutgutufIYA R,42423535708
"KAghfhRAPETThfhfAI NADmjghAR GIRLS HSS,LIONS TOWN",NANDHIg;ljkujghNI hyutgutufIYA R,42423535709
"KAghfhRAPETThfhfAI NADmjghAR GIRLS HSS,LIONS TOWN",NANDHIg;ljkujghNI hyutgutufIYA R,42423535710
"KAghfhRAPETThfhfAI NADmjghAR GIRLS HSS,LIONS TOWN",NANDHIg;ljkujghNI hyutgutufIYA R,42423535711
"KAghfhRAPETThfhfAI NADmjghAR GIRLS HSS,LIONS TOWN",NANDHIg;ljkujghNI hyutgutufIYA R,42423535712
"KAghfhRAPETThfhfAI NADmjghAR GIRLS HSS,LIONS TOWN",NANDHIg;ljkujghNI hyutgutufIYA R,42423535713
"KAghfhRAPETThfhfAI NADmjghAR GIRLS HSS,LIONS TOWN",NANDHIg;ljkujghNI hyutgutufIYA R,42423535714
"KAghfhRAPETThfhfAI NADmjghAR GIRLS HSS,LIONS TOWN",NANDHIg;ljkujghNI hyutgutufIYA R,42423535715
"KAghfhRAPETThfhfAI NADmjghAR GIRLS HSS,LIONS TOWN",NANDHIg;ljkujghNI hyutgutufIYA R,42423535716
"KAghfhRAPETThfhfAI NADmjghAR GIRLS HSS,LIONS TOWN",NANDHIg;ljkujghNI hyutgutufIYA R,42423535717
"KAghfhRAPETThfhfAI NADmjghAR GIRLS HSS,LIONS TOWN",NANDHIg;ljkujghNI hyutgutufIYA R,42423535718
"KAghfhRAPETThfhfAI NADmjghAR GIRLS HSS,LIONS TOWN",NANDHIg;ljkujghNI hyutgutufIYA R,42423535719
"KAghfhRAPETThfhfAI NADmjghAR GIRLS HSS,LIONS TOWN",NANDHIg;ljkujghNI hyutgutufIYA R,42423535720
"KAghfhRAPETThfhfAI NADmjghAR GIRLS HSS,LIONS TOWN",NANDHIg;ljkujghNI hyutgutufIYA R,42423535721
"KAghfhRAPETThfhfAI NADmjghAR GIRLS HSS,LIONS TOWN",NANDHIg;ljkujghNI hyutgutufIYA R,42423535722
"KAghfhRAPETThfhfAI NADmjghAR GIRLS HSS,LIONS TOWN",NANDHIg;ljkujghNI hyutgutufIYA R,42423535723
"KAghfhRAPETThfhfAI NADmjghAR GIRLS HSS,LIONS TOWN",NANDHIg;ljkujghNI hyutgutufIYA R,42423535724
"KAghfhRAPETThfhfAI NADmjghAR GIRLS HSS,LIONS TOWN",NANDHIg;ljkujghNI hyutgutufIYA R,42423535725
"KAghfhRAPETThfhfAI NADmjghAR GIRLS HSS,LIONS TOWN",NANDHIg;ljkujghNI hyutgutufIYA R,42423535726
"KAghfhRAPETThfhfAI NADmjghAR GIRLS HSS,LIONS TOWN",NANDHIg;ljkujghNI hyutgutufIYA R,42423535727
"KAghfhRAPETThfhfAI NADmjghAR GIRLS HSS,LIONS TOWN",NANDHIg;ljkujghNI hyutgutufIYA R,42423535728
"KAghfhRAPETThfhfAI NADmjghAR GIRLS HSS,LIONS TOWN",NANDHIg;ljkujghNI hyutgutufIYA R,42423535729
"KAghfhRAPETThfhfAI NADmjghAR GIRLS HSS,LIONS TOWN",NANDHIg;ljkujghNI hyutgutufIYA R,42423535730
"KAghfhRAPETThfhfAI NADmjghAR GIRLS HSS,LIONS TOWN",NANDHIg;ljkujghNI hyutgutufIYA R,42423535731
"KAghfhRAPETThfhfAI NADmjghAR GIRLS HSS,LIONS TOWN",NANDHIg;ljkujghNI hyutgutufIYA R,42423535732
"KAghfhRAPETThfhfAI NADmjghAR GIRLS HSS,LIONS TOWN",NANDHIg;ljkujghNI hyutgutufIYA R,42423535733
"KAghfhRAPETThfhfAI NADmjghAR GIRLS HSS,LIONS TOWN",NANDHIg;ljkujghNI hyutgutufIYA R,42423535734
"KAghfhRAPETThfhfAI NADmjghAR GIRLS HSS,LIONS TOWN",NANDHIg;ljkujghNI hyutgutufIYA R,42423535735
"KAghfhRAPETThfhfAI NADmjghAR GIRLS HSS,LIONS TOWN",NANDHIg;ljkujghNI hyutgutufIYA R,42423535736
"KAghfhRAPETThfhfAI NADmjghAR GIRLS HSS,LIONS TOWN",NANDHIg;ljkujghNI hyutgutufIYA R,42423535737
"KAghfhRAPETThfhfAI NADmjghAR GIRLS HSS,LIONS TOWN",NANDHIg;ljkujghNI hyutgutufIYA R,42423535738
"KAghfhRAPETThfhfAI NADmjghAR GIRLS HSS,LIONS TOWN",NANDHIg;ljkujghNI hyutgutufIYA R,42423535739
"KAghfhRAPETThfhfAI NADmjghAR GIRLS HSS,LIONS TOWN",NANDHIg;ljkujghNI hyutgutufIYA R,42423535740
"KAghfhRAPETThfhfAI NADmjghAR GIRLS HSS,LIONS TOWN",NANDHIg;ljkujghNI hyutgutufIYA R,42423535741
"KAghfhRAPETThfhfAI NADmjghAR GIRLS HSS,LIONS TOWN",NANDHIg;ljkujghNI hyutgutufIYA R,42423535742
"KAghfhRAPETThfhfAI NADmjghAR GIRLS HSS,LIONS TOWN",NANDHIg;ljkujghNI hyutgutufIYA R,42423535743
"KAghfhRAPETThfhfAI NADmjghAR GIRLS HSS,LIONS TOWN",NANDHIg;ljkujghNI hyutgutufIYA R,42423535744
"KAghfhRAPETThfhfAI NADmjghAR GIRLS HSS,LIONS TOWN",NANDHIg;ljkujghNI hyutgutufIYA R,42423535745
"KAghfhRAPETThfhfAI NADmjghAR GIRLS HSS,LIONS TOWN",NANDHIg;ljkujghNI hyutgutufIYA R,42423535746
"KAghfhRAPETThfhfAI NADmjghAR GIRLS HSS,LIONS TOWN",NANDHIg;ljkujghNI hyutgutufIYA R,42423535747
"KAghfhRAPETThfhfAI NADmjghAR GIRLS HSS,LIONS TOWN",NANDHIg;ljkujghNI hyutgutufIYA R,42423535748
"KAghfhRAPETThfhfAI NADmjghAR GIRLS HSS,LIONS TOWN",NANDHIg;ljkujghNI hyutgutufIYA R,42423535749
"KAghfhRAPETThfhfAI NADmjghAR GIRLS HSS,LIONS TOWN",NANDHIg;ljkujghNI hyutgutufIYA R,42423535750
"KAghfhRAPETThfhfAI NADmjghAR GIRLS HSS,LIONS TOWN",NANDHIg;ljkujghNI hyutgutufIYA R,42423535751
"KAghfhRAPETThfhfAI NADmjghAR GIRLS HSS,LIONS TOWN",NANDHIg;ljkujghNI hyutgutufIYA R,42423535752
"KAghfhRAPETThfhfAI NADmjghAR GIRLS HSS,LIONS TOWN",NANDHIg;ljkujghNI hyutgutufIYA R,42423535753
"KAghfhRAPETThfhfAI NADmjghAR GIRLS HSS,LIONS TOWN",NANDHIg;ljkujghNI hyutgutufIYA R,42423535754
"KAghfhRAPETThfhfAI NADmjghAR GIRLS HSS,LIONS TOWN",NANDHIg;ljkujghNI hyutgutufIYA R,42423535755
"KAghfhRAPETThfhfAI NADmjghAR GIRLS HSS,LIONS TOWN",NANDHIg;ljkujghNI hyutgutufIYA R,42423535756
"KAghfhRAPETThfhfAI NADmjghAR GIRLS HSS,LIONS TOWN",NANDHIg;ljkujghNI hyutgutufIYA R,42423535757
"KAghfhRAPETThfhfAI NADmjghAR GIRLS HSS,LIONS TOWN",NANDHIg;ljkujghNI hyutgutufIYA R,42423535758
"KAghfhRAPETThfhfAI NADmjghAR GIRLS HSS,LIONS TOWN",NANDHIg;ljkujghNI hyutgutufIYA R,42423535759
"KAghfhRAPETThfhfAI NADmjghAR GIRLS HSS,LIONS TOWN",NANDHIg;ljkujghNI hyutgutufIYA R,42423535760
"KAghfhRAPETThfhfAI NADmjghAR GIRLS HSS,LIONS TOWN",NANDHIg;ljkujghNI hyutgutufIYA R,42423535761
"KAghfhRAPETThfhfAI NADmjghAR GIRLS HSS,LIONS TOWN",NANDHIg;ljkujghNI hyutgutufIYA R,42423535762
"KAghfhRAPETThfhfAI NADmjghAR GIRLS HSS,LIONS TOWN",NANDHIg;ljkujghNI hyutgutufIYA R,42423535763
"KAghfhRAPETThfhfAI NADmjghAR GIRLS HSS,LIONS TOWN",NANDHIg;ljkujghNI hyutgutufIYA R,42423535764
"KAghfhRAPETThfhfAI NADmjghAR GIRLS HSS,LIONS TOWN",NANDHIg;ljkujghNI hyutgutufIYA R,42423535765
"KAghfhRAPETThfhfAI NADmjghAR GIRLS HSS,LIONS TOWN",NANDHIg;ljkujghNI hyutgutufIYA R,42423535766
"KAghfhRAPETThfhfAI NADmjghAR GIRLS HSS,LIONS TOWN",NANDHIg;ljkujghNI hyutgutufIYA R,42423535767
"KAghfhRAPETThfhfAI NADmjghAR GIRLS HSS,LIONS TOWN",NANDHIg;ljkujghNI hyutgutufIYA R,42423535768
"KAghfhRAPETThfhfAI NADmjghAR GIRLS HSS,LIONS TOWN",NANDHIg;ljkujghNI hyutgutufIYA R,42423535769
"KAghfhRAPETThfhfAI NADmjghAR GIRLS HSS,LIONS TOWN",NANDHIg;ljkujghNI hyutgutufIYA R,42423535770
"KAghfhRAPETThfhfAI NADmjghAR GIRLS HSS,LIONS TOWN",NANDHIg;ljkujghNI hyutgutufIYA R,42423535771
"KAghfhRAPETThfhfAI NADmjghAR GIRLS HSS,LIONS TOWN",NANDHIg;ljkujghNI hyutgutufIYA R,42423535772
"KAghfhRAPETThfhfAI NADmjghAR GIRLS HSS,LIONS TOWN",NANDHIg;ljkujghNI hyutgutufIYA R,42423535773
"KAghfhRAPETThfhfAI NADmjghAR GIRLS HSS,LIONS TOWN",NANDHIg;ljkujghNI hyutgutufIYA R,42423535774
"KAghfhRAPETThfhfAI NADmjghAR GIRLS HSS,LIONS TOWN",NANDHIg;ljkujghNI hyutgutufIYA R,42423535775
"KAghfhRAPETThfhfAI NADmjghAR GIRLS HSS,LIONS TOWN",NANDHIg;ljkujghNI hyutgutufIYA R,42423535776
"KAghfhRAPETThfhfAI NADmjghAR GIRLS HSS,LIONS TOWN",NANDHIg;ljkujghNI hyutgutufIYA R,42423535777
"KAghfhRAPETThfhfAI NADmjghAR GIRLS HSS,LIONS TOWN",NANDHIg;ljkujghNI hyutgutufIYA R,42423535778
"KAghfhRAPETThfhfAI NADmjghAR GIRLS HSS,LIONS TOWN",NANDHIg;ljkujghNI hyutgutufIYA R,42423535779
"KAghfhRAPETThfhfAI NADmjghAR GIRLS HSS,LIONS TOWN",NANDHIg;ljkujghNI hyutgutufIYA R,42423535780
"KAghfhRAPETThfhfAI NADmjghAR GIRLS HSS,LIONS TOWN",NANDHIg;ljkujghNI hyutgutufIYA R,42423535781
"KAghfhRAPETThfhfAI NADmjghAR GIRLS HSS,LIONS TOWN",NANDHIg;ljkujghNI hyutgutufIYA R,42423535782
"KAghfhRAPETThfhfAI NADmjghAR GIRLS HSS,LIONS TOWN",NANDHIg;ljkujghNI hyutgutufIYA R,42423535783
"KAghfhRAPETThfhfAI NADmjghAR GIRLS HSS,LIONS TOWN",NANDHIg;ljkujghNI hyutgutufIYA R,42423535784
"KAghfhRAPETThfhfAI NADmjghAR GIRLS HSS,LIONS TOWN",NANDHIg;ljkujghNI hyutgutufIYA R,42423535785
"KAghfhRAPETThfhfAI NADmjghAR GIRLS HSS,LIONS TOWN",NANDHIg;ljkujghNI hyutgutufIYA R,42423535786
"KAghfhRAPETThfhfAI NADmjghAR GIRLS HSS,LIONS TOWN",NANDHIg;ljkujghNI hyutgutufIYA R,42423535787
"KAghfhRAPETThfhfAI NADmjghAR GIRLS HSS,LIONS TOWN",NANDHIg;ljkujghNI hyutgutufIYA R,42423535788
"KAghfhRAPETThfhfAI NADmjghAR GIRLS HSS,LIONS TOWN",NANDHIg;ljkujghNI hyutgutufIYA R,42423535789
"KAghfhRAPETThfhfAI NADmjghAR GIRLS HSS,LIONS TOWN",NANDHIg;ljkujghNI hyutgutufIYA R,42423535790
"KAghfhRAPETThfhfAI NADmjghAR GIRLS HSS,LIONS TOWN",NANDHIg;ljkujghNI hyutgutufIYA R,42423535791
"KAghfhRAPETThfhfAI NADmjghAR GIRLS HSS,LIONS TOWN",NANDHIg;ljkujghNI hyutgutufIYA R,42423535792
"KAghfhRAPETThfhfAI NADmjghAR GIRLS HSS,LIONS TOWN",NANDHIg;ljkujghNI hyutgutufIYA R,42423535793
"KAghfhRAPETThfhfAI NADmjghAR GIRLS HSS,LIONS TOWN",NANDHIg;ljkujghNI hyutgutufIYA R,42423535794
"KAghfhRAPETThfhfAI NADmjghAR GIRLS HSS,LIONS TOWN",NANDHIg;ljkujghNI hyutgutufIYA R,42423535795
"KAghfhRAPETThfhfAI NADmjghAR GIRLS HSS,LIONS TOWN",NANDHIg;ljkujghNI hyutgutufIYA R,42423535796
"KAghfhRAPETThfhfAI NADmjghAR GIRLS HSS,LIONS TOWN",NANDHIg;ljkujghNI hyutgutufIYA R,42423535797
"KAghfhRAPETThfhfAI NADmjghAR GIRLS HSS,LIONS TOWN",NANDHIg;ljkujghNI hyutgutufIYA R,42423535798
"KAghfhRAPETThfhfAI NADmjghAR GIRLS HSS,LIONS TOWN",NANDHIg;ljkujghNI hyutgutufIYA R,42423535799
"KAghfhRAPETThfhfAI NADmjghAR GIRLS HSS,LIONS TOWN",NANDHIg;ljkujghNI hyutgutufIYA R,42423535800
"KAghfhRAPETThfhfAI NADmjghAR GIRLS HSS,LIONS TOWN",NANDHIg;ljkujghNI hyutgutufIYA R,42423535801
"KAghfhRAPETThfhfAI NADmjghAR GIRLS HSS,LIONS TOWN",NANDHIg;ljkujghNI hyutgutufIYA R,42423535802
"KAghfhRAPETThfhfAI NADmjghAR GIRLS HSS,LIONS TOWN",NANDHIg;ljkujghNI hyutgutufIYA R,42423535803
"KAghfhRAPETThfhfAI NADmjghAR GIRLS HSS,LIONS TOWN",NANDHIg;ljkujghNI hyutgutufIYA R,42423535804
"KAghfhRAPETThfhfAI NADmjghAR GIRLS HSS,LIONS TOWN",NANDHIg;ljkujghNI hyutgutufIYA R,42423535805
"KAghfhRAPETThfhfAI NADmjghAR GIRLS HSS,LIONS TOWN",NANDHIg;ljkujghNI hyutgutufIYA R,42423535806
"KAghfhRAPETThfhfAI NADmjghAR GIRLS HSS,LIONS TOWN",NANDHIg;ljkujghNI hyutgutufIYA R,42423535807
"KAghfhRAPETThfhfAI NADmjghAR GIRLS HSS,LIONS TOWN",NANDHIg;ljkujghNI hyutgutufIYA R,42423535808
"KAghfhRAPETThfhfAI NADmjghAR GIRLS HSS,LIONS TOWN",NANDHIg;ljkujghNI hyutgutufIYA R,42423535809
"KAghfhRAPETThfhfAI NADmjghAR GIRLS HSS,LIONS TOWN",NANDHIg;ljkujghNI hyutgutufIYA R,42423535810
"KAghfhRAPETThfhfAI NADmjghAR GIRLS HSS,LIONS TOWN",NANDHIg;ljkujghNI hyutgutufIYA R,42423535811
"KAghfhRAPETThfhfAI NADmjghAR GIRLS HSS,LIONS TOWN",NANDHIg;ljkujghNI hyutgutufIYA R,42423535812
"KAghfhRAPETThfhfAI NADmjghAR GIRLS HSS,LIONS TOWN",NANDHIg;ljkujghNI hyutgutufIYA R,42423535813
"KAghfhRAPETThfhfAI NADmjghAR GIRLS HSS,LIONS TOWN",NANDHIg;ljkujghNI hyutgutufIYA R,42423535814
"KAghfhRAPETThfhfAI NADmjghAR GIRLS HSS,LIONS TOWN",NANDHIg;ljkujghNI hyutgutufIYA R,42423535815
"KAghfhRAPETThfhfAI NADmjghAR GIRLS HSS,LIONS TOWN",NANDHIg;ljkujghNI hyutgutufIYA R,42423535816
"KAghfhRAPETThfhfAI NADmjghAR GIRLS HSS,LIONS TOWN",NANDHIg;ljkujghNI hyutgutufIYA R,42423535817
"KAghfhRAPETThfhfAI NADmjghAR GIRLS HSS,LIONS TOWN",NANDHIg;ljkujghNI hyutgutufIYA R,42423535818
"KAghfhRAPETThfhfAI NADmjghAR GIRLS HSS,LIONS TOWN",NANDHIg;ljkujghNI hyutgutufIYA R,42423535819
"KAghfhRAPETThfhfAI NADmjghAR GIRLS HSS,LIONS TOWN",NANDHIg;ljkujghNI hyutgutufIYA R,42423535820
"KAghfhRAPETThfhfAI NADmjghAR GIRLS HSS,LIONS TOWN",NANDHIg;ljkujghNI hyutgutufIYA R,42423535821
"KAghfhRAPETThfhfAI NADmjghAR GIRLS HSS,LIONS TOWN",NANDHIg;ljkujghNI hyutgutufIYA R,42423535822
"KAghfhRAPETThfhfAI NADmjghAR GIRLS HSS,LIONS TOWN",NANDHIg;ljkujghNI hyutgutufIYA R,42423535823
"KAghfhRAPETThfhfAI NADmjghAR GIRLS HSS,LIONS TOWN",NANDHIg;ljkujghNI hyutgutufIYA R,42423535824
"KAghfhRAPETThfhfAI NADmjghAR GIRLS HSS,LIONS TOWN",NANDHIg;ljkujghNI hyutgutufIYA R,42423535825
"KAghfhRAPETThfhfAI NADmjghAR GIRLS HSS,LIONS TOWN",NANDHIg;ljkujghNI hyutgutufIYA R,42423535826
"KAghfhRAPETThfhfAI NADmjghAR GIRLS HSS,LIONS TOWN",NANDHIg;ljkujghNI hyutgutufIYA R,42423535827
"KAghfhRAPETThfhfAI NADmjghAR GIRLS HSS,LIONS TOWN",NANDHIg;ljkujghNI hyutgutufIYA R,42423535828
"KAghfhRAPETThfhfAI NADmjghAR GIRLS HSS,LIONS TOWN",NANDHIg;ljkujghNI hyutgutufIYA R,42423535829
"KAghfhRAPETThfhfAI NADmjghAR GIRLS HSS,LIONS TOWN",NANDHIg;ljkujghNI hyutgutufIYA R,42423535830
"KAghfhRAPETThfhfAI NADmjghAR GIRLS HSS,LIONS TOWN",NANDHIg;ljkujghNI hyutgutufIYA R,42423535831
"KAghfhRAPETThfhfAI NADmjghAR GIRLS HSS,LIONS TOWN",NANDHIg;ljkujghNI hyutgutufIYA R,42423535832
"KAghfhRAPETThfhfAI NADmjghAR GIRLS HSS,LIONS TOWN",NANDHIg;ljkujghNI hyutgutufIYA R,42423535833
"KAghfhRAPETThfhfAI NADmjghAR GIRLS HSS,LIONS TOWN",NANDHIg;ljkujghNI hyutgutufIYA R,42423535834
"KAghfhRAPETThfhfAI NADmjghAR GIRLS HSS,LIONS TOWN",NANDHIg;ljkujghNI hyutgutufIYA R,42423535835
"KAghfhRAPETThfhfAI NADmjghAR GIRLS HSS,LIONS TOWN",NANDHIg;ljkujghNI hyutgutufIYA R,42423535836
"KAghfhRAPETThfhfAI NADmjghAR GIRLS HSS,LIONS TOWN",NANDHIg;ljkujghNI hyutgutufIYA R,42423535837
"KAghfhRAPETThfhfAI NADmjghAR GIRLS HSS,LIONS TOWN",NANDHIg;ljkujghNI hyutgutufIYA R,42423535838
"KAghfhRAPETThfhfAI NADmjghAR GIRLS HSS,LIONS TOWN",NANDHIg;ljkujghNI hyutgutufIYA R,42423535839
"KAghfhRAPETThfhfAI NADmjghAR GIRLS HSS,LIONS TOWN",NANDHIg;ljkujghNI hyutgutufIYA R,42423535840
"KAghfhRAPETThfhfAI NADmjghAR GIRLS HSS,LIONS TOWN",NANDHIg;ljkujghNI hyutgutufIYA R,42423535841
"KAghfhRAPETThfhfAI NADmjghAR GIRLS HSS,LIONS TOWN",NANDHIg;ljkujghNI hyutgutufIYA R,42423535842
"KAghfhRAPETThfhfAI NADmjghAR GIRLS HSS,LIONS TOWN",NANDHIg;ljkujghNI hyutgutufIYA R,42423535843
"KAghfhRAPETThfhfAI NADmjghAR GIRLS HSS,LIONS TOWN",NANDHIg;ljkujghNI hyutgutufIYA R,42423535844
"KAghfhRAPETThfhfAI NADmjghAR GIRLS HSS,LIONS TOWN",NANDHIg;ljkujghNI hyutgutufIYA R,42423535845
"KAghfhRAPETThfhfAI NADmjghAR GIRLS HSS,LIONS TOWN",NANDHIg;ljkujghNI hyutgutufIYA R,42423535846
"KAghfhRAPETThfhfAI NADmjghAR GIRLS HSS,LIONS TOWN",NANDHIg;ljkujghNI hyutgutufIYA R,42423535847
"KAghfhRAPETThfhfAI NADmjghAR GIRLS HSS,LIONS TOWN",NANDHIg;ljkujghNI hyutgutufIYA R,42423535848
"KAghfhRAPETThfhfAI NADmjghAR GIRLS HSS,LIONS TOWN",NANDHIg;ljkujghNI hyutgutufIYA R,42423535849
"KAghfhRAPETThfhfAI NADmjghAR GIRLS HSS,LIONS TOWN",NANDHIg;ljkujghNI hyutgutufIYA R,42423535850
"KAghfhRAPETThfhfAI NADmjghAR GIRLS HSS,LIONS TOWN",NANDHIg;ljkujghNI hyutgutufIYA R,42423535851
"KAghfhRAPETThfhfAI NADmjghAR GIRLS HSS,LIONS TOWN",NANDHIg;ljkujghNI hyutgutufIYA R,42423535852
"KAghfhRAPETThfhfAI NADmjghAR GIRLS HSS,LIONS TOWN",NANDHIg;ljkujghNI hyutgutufIYA R,42423535853
"KAghfhRAPETThfhfAI NADmjghAR GIRLS HSS,LIONS TOWN",NANDHIg;ljkujghNI hyutgutufIYA R,42423535854
"KAghfhRAPETThfhfAI NADmjghAR GIRLS HSS,LIONS TOWN",NANDHIg;ljkujghNI hyutgutufIYA R,42423535855
"KAghfhRAPETThfhfAI NADmjghAR GIRLS HSS,LIONS TOWN",NANDHIg;ljkujghNI hyutgutufIYA R,42423535856
"KAghfhRAPETThfhfAI NADmjghAR GIRLS HSS,LIONS TOWN",NANDHIg;ljkujghNI hyutgutufIYA R,42423535857
"KAghfhRAPETThfhfAI NADmjghAR GIRLS HSS,LIONS TOWN",NANDHIg;ljkujghNI hyutgutufIYA R,42423535858
"KAghfhRAPETThfhfAI NADmjghAR GIRLS HSS,LIONS TOWN",NANDHIg;ljkujghNI hyutgutufIYA R,42423535859
"KAghfhRAPETThfhfAI NADmjghAR GIRLS HSS,LIONS TOWN",NANDHIg;ljkujghNI hyutgutufIYA R,42423535860
"KAghfhRAPETThfhfAI NADmjghAR GIRLS HSS,LIONS TOWN",NANDHIg;ljkujghNI hyutgutufIYA R,42423535861
"KAghfhRAPETThfhfAI NADmjghAR GIRLS HSS,LIONS TOWN",NANDHIg;ljkujghNI hyutgutufIYA R,42423535862
"KAghfhRAPETThfhfAI NADmjghAR GIRLS HSS,LIONS TOWN",NANDHIg;ljkujghNI hyutgutufIYA R,42423535863
"KAghfhRAPETThfhfAI NADmjghAR GIRLS HSS,LIONS TOWN",NANDHIg;ljkujghNI hyutgutufIYA R,42423535864
"KAghfhRAPETThfhfAI NADmjghAR GIRLS HSS,LIONS TOWN",NANDHIg;ljkujghNI hyutgutufIYA R,42423535865
"KAghfhRAPETThfhfAI NADmjghAR GIRLS HSS,LIONS TOWN",NANDHIg;ljkujghNI hyutgutufIYA R,42423535866
"KAghfhRAPETThfhfAI NADmjghAR GIRLS HSS,LIONS TOWN",NANDHIg;ljkujghNI hyutgutufIYA R,42423535867
"KAghfhRAPETThfhfAI NADmjghAR GIRLS HSS,LIONS TOWN",NANDHIg;ljkujghNI hyutgutufIYA R,42423535868
"KAghfhRAPETThfhfAI NADmjghAR GIRLS HSS,LIONS TOWN",NANDHIg;ljkujghNI hyutgutufIYA R,42423535869
"KAghfhRAPETThfhfAI NADmjghAR GIRLS HSS,LIONS TOWN",NANDHIg;ljkujghNI hyutgutufIYA R,42423535870
"KAghfhRAPETThfhfAI NADmjghAR GIRLS HSS,LIONS TOWN",NANDHIg;ljkujghNI hyutgutufIYA R,42423535871
"KAghfhRAPETThfhfAI NADmjghAR GIRLS HSS,LIONS TOWN",NANDHIg;ljkujghNI hyutgutufIYA R,42423535872
"KAghfhRAPETThfhfAI NADmjghAR GIRLS HSS,LIONS TOWN",NANDHIg;ljkujghNI hyutgutufIYA R,42423535873
"KAghfhRAPETThfhfAI NADmjghAR GIRLS HSS,LIONS TOWN",NANDHIg;ljkujghNI hyutgutufIYA R,42423535874
"KAghfhRAPETThfhfAI NADmjghAR GIRLS HSS,LIONS TOWN",NANDHIg;ljkujghNI hyutgutufIYA R,42423535875
"KAghfhRAPETThfhfAI NADmjghAR GIRLS HSS,LIONS TOWN",NANDHIg;ljkujghNI hyutgutufIYA R,42423535876
"KAghfhRAPETThfhfAI NADmjghAR GIRLS HSS,LIONS TOWN",NANDHIg;ljkujghNI hyutgutufIYA R,42423535877
"KAghfhRAPETThfhfAI NADmjghAR GIRLS HSS,LIONS TOWN",NANDHIg;ljkujghNI hyutgutufIYA R,42423535878
"KAghfhRAPETThfhfAI NADmjghAR GIRLS HSS,LIONS TOWN",NANDHIg;ljkujghNI hyutgutufIYA R,42423535879
"KAghfhRAPETThfhfAI NADmjghAR GIRLS HSS,LIONS TOWN",NANDHIg;ljkujghNI hyutgutufIYA R,42423535880
"KAghfhRAPETThfhfAI NADmjghAR GIRLS HSS,LIONS TOWN",NANDHIg;ljkujghNI hyutgutufIYA R,42423535881
"KAghfhRAPETThfhfAI NADmjghAR GIRLS HSS,LIONS TOWN",NANDHIg;ljkujghNI hyutgutufIYA R,42423535882
"KAghfhRAPETThfhfAI NADmjghAR GIRLS HSS,LIONS TOWN",NANDHIg;ljkujghNI hyutgutufIYA R,42423535883
"KAghfhRAPETThfhfAI NADmjghAR GIRLS HSS,LIONS TOWN",NANDHIg;ljkujghNI hyutgutufIYA R,42423535884
"KAghfhRAPETThfhfAI NADmjghAR GIRLS HSS,LIONS TOWN",NANDHIg;ljkujghNI hyutgutufIYA R,42423535885
"KAghfhRAPETThfhfAI NADmjghAR GIRLS HSS,LIONS TOWN",NANDHIg;ljkujghNI hyutgutufIYA R,42423535886
"KAghfhRAPETThfhfAI NADmjghAR GIRLS HSS,LIONS TOWN",NANDHIg;ljkujghNI hyutgutufIYA R,42423535887
"KAghfhRAPETThfhfAI NADmjghAR GIRLS HSS,LIONS TOWN",NANDHIg;ljkujghNI hyutgutufIYA R,42423535888
"KAghfhRAPETThfhfAI NADmjghAR GIRLS HSS,LIONS TOWN",NANDHIg;ljkujghNI hyutgutufIYA R,42423535889
"KAghfhRAPETThfhfAI NADmjghAR GIRLS HSS,LIONS TOWN",NANDHIg;ljkujghNI hyutgutufIYA R,42423535890
"KAghfhRAPETThfhfAI NADmjghAR GIRLS HSS,LIONS TOWN",NANDHIg;ljkujghNI hyutgutufIYA R,42423535891
"KAghfhRAPETThfhfAI NADmjghAR GIRLS HSS,LIONS TOWN",NANDHIg;ljkujghNI hyutgutufIYA R,42423535892
"KAghfhRAPETThfhfAI NADmjghAR GIRLS HSS,LIONS TOWN",NANDHIg;ljkujghNI hyutgutufIYA R,42423535893
"KAghfhRAPETThfhfAI NADmjghAR GIRLS HSS,LIONS TOWN",NANDHIg;ljkujghNI hyutgutufIYA R,42423535894
"KAghfhRAPETThfhfAI NADmjghAR GIRLS HSS,LIONS TOWN",NANDHIg;ljkujghNI hyutgutufIYA R,42423535895
"KAghfhRAPETThfhfAI NADmjghAR GIRLS HSS,LIONS TOWN",NANDHIg;ljkujghNI hyutgutufIYA R,42423535896
"KAghfhRAPETThfhfAI NADmjghAR GIRLS HSS,LIONS TOWN",NANDHIg;ljkujghNI hyutgutufIYA R,42423535897
"KAghfhRAPETThfhfAI NADmjghAR GIRLS HSS,LIONS TOWN",NANDHIg;ljkujghNI hyutgutufIYA R,42423535898
"KAghfhRAPETThfhfAI NADmjghAR GIRLS HSS,LIONS TOWN",NANDHIg;ljkujghNI hyutgutufIYA R,42423535899
"KAghfhRAPETThfhfAI NADmjghAR GIRLS HSS,LIONS TOWN",NANDHIg;ljkujghNI hyutgutufIYA R,42423535900
"KAghfhRAPETThfhfAI NADmjghAR GIRLS HSS,LIONS TOWN",NANDHIg;ljkujghNI hyutgutufIYA R,42423535901
"KAghfhRAPETThfhfAI NADmjghAR GIRLS HSS,LIONS TOWN",NANDHIg;ljkujghNI hyutgutufIYA R,42423535902
"KAghfhRAPETThfhfAI NADmjghAR GIRLS HSS,LIONS TOWN",NANDHIg;ljkujghNI hyutgutufIYA R,42423535903
"KAghfhRAPETThfhfAI NADmjghAR GIRLS HSS,LIONS TOWN",NANDHIg;ljkujghNI hyutgutufIYA R,42423535904
"KAghfhRAPETThfhfAI NADmjghAR GIRLS HSS,LIONS TOWN",NANDHIg;ljkujghNI hyutgutufIYA R,42423535905
"KAghfhRAPETThfhfAI NADmjghAR GIRLS HSS,LIONS TOWN",NANDHIg;ljkujghNI hyutgutufIYA R,42423535906
"KAghfhRAPETThfhfAI NADmjghAR GIRLS HSS,LIONS TOWN",NANDHIg;ljkujghNI hyutgutufIYA R,42423535907
"KAghfhRAPETThfhfAI NADmjghAR GIRLS HSS,LIONS TOWN",NANDHIg;ljkujghNI hyutgutufIYA R,42423535908
"KAghfhRAPETThfhfAI NADmjghAR GIRLS HSS,LIONS TOWN",NANDHIg;ljkujghNI hyutgutufIYA R,42423535909
"KAghfhRAPETThfhfAI NADmjghAR GIRLS HSS,LIONS TOWN",NANDHIg;ljkujghNI hyutgutufIYA R,42423535910
"KAghfhRAPETThfhfAI NADmjghAR GIRLS HSS,LIONS TOWN",NANDHIg;ljkujghNI hyutgutufIYA R,42423535911
"KAghfhRAPETThfhfAI NADmjghAR GIRLS HSS,LIONS TOWN",NANDHIg;ljkujghNI hyutgutufIYA R,42423535912
"KAghfhRAPETThfhfAI NADmjghAR GIRLS HSS,LIONS TOWN",NANDHIg;ljkujghNI hyutgutufIYA R,42423535913
"KAghfhRAPETThfhfAI NADmjghAR GIRLS HSS,LIONS TOWN",NANDHIg;ljkujghNI hyutgutufIYA R,42423535914
"KAghfhRAPETThfhfAI NADmjghAR GIRLS HSS,LIONS TOWN",NANDHIg;ljkujghNI hyutgutufIYA R,42423535915
"KAghfhRAPETThfhfAI NADmjghAR GIRLS HSS,LIONS TOWN",NANDHIg;ljkujghNI hyutgutufIYA R,42423535916
"KAghfhRAPETThfhfAI NADmjghAR GIRLS HSS,LIONS TOWN",NANDHIg;ljkujghNI hyutgutufIYA R,42423535917
"KAghfhRAPETThfhfAI NADmjghAR GIRLS HSS,LIONS TOWN",NANDHIg;ljkujghNI hyutgutufIYA R,42423535918
"KAghfhRAPETThfhfAI NADmjghAR GIRLS HSS,LIONS TOWN",NANDHIg;ljkujghNI hyutgutufIYA R,42423535919
"KAghfhRAPETThfhfAI NADmjghAR GIRLS HSS,LIONS TOWN",NANDHIg;ljkujghNI hyutgutufIYA R,42423535920
"KAghfhRAPETThfhfAI NADmjghAR GIRLS HSS,LIONS TOWN",NANDHIg;ljkujghNI hyutgutufIYA R,42423535921
"KAghfhRAPETThfhfAI NADmjghAR GIRLS HSS,LIONS TOWN",NANDHIg;ljkujghNI hyutgutufIYA R,42423535922
"KAghfhRAPETThfhfAI NADmjghAR GIRLS HSS,LIONS TOWN",NANDHIg;ljkujghNI hyutgutufIYA R,42423535923
"KAghfhRAPETThfhfAI NADmjghAR GIRLS HSS,LIONS TOWN",NANDHIg;ljkujghNI hyutgutufIYA R,42423535924
"KAghfhRAPETThfhfAI NADmjghAR GIRLS HSS,LIONS TOWN",NANDHIg;ljkujghNI hyutgutufIYA R,42423535925
"KAghfhRAPETThfhfAI NADmjghAR GIRLS HSS,LIONS TOWN",NANDHIg;ljkujghNI hyutgutufIYA R,42423535926
"KAghfhRAPETThfhfAI NADmjghAR GIRLS HSS,LIONS TOWN",NANDHIg;ljkujghNI hyutgutufIYA R,42423535927
"KAghfhRAPETThfhfAI NADmjghAR GIRLS HSS,LIONS TOWN",NANDHIg;ljkujghNI hyutgutufIYA R,42423535928
"KAghfhRAPETThfhfAI NADmjghAR GIRLS HSS,LIONS TOWN",NANDHIg;ljkujghNI hyutgutufIYA R,42423535929
"KAghfhRAPETThfhfAI NADmjghAR GIRLS HSS,LIONS TOWN",NANDHIg;ljkujghNI hyutgutufIYA R,42423535930
"KAghfhRAPETThfhfAI NADmjghAR GIRLS HSS,LIONS TOWN",NANDHIg;ljkujghNI hyutgutufIYA R,42423535931
"KAghfhRAPETThfhfAI NADmjghAR GIRLS HSS,LIONS TOWN",NANDHIg;ljkujghNI hyutgutufIYA R,42423535932
"KAghfhRAPETThfhfAI NADmjghAR GIRLS HSS,LIONS TOWN",NANDHIg;ljkujghNI hyutgutufIYA R,42423535933
"KAghfhRAPETThfhfAI NADmjghAR GIRLS HSS,LIONS TOWN",NANDHIg;ljkujghNI hyutgutufIYA R,42423535934
"KAghfhRAPETThfhfAI NADmjghAR GIRLS HSS,LIONS TOWN",NANDHIg;ljkujghNI hyutgutufIYA R,42423535935
"KAghfhRAPETThfhfAI NADmjghAR GIRLS HSS,LIONS TOWN",NANDHIg;ljkujghNI hyutgutufIYA R,42423535936
"KAghfhRAPETThfhfAI NADmjghAR GIRLS HSS,LIONS TOWN",NANDHIg;ljkujghNI hyutgutufIYA R,42423535937
"KAghfhRAPETThfhfAI NADmjghAR GIRLS HSS,LIONS TOWN",NANDHIg;ljkujghNI hyutgutufIYA R,42423535938
"KAghfhRAPETThfhfAI NADmjghAR GIRLS HSS,LIONS TOWN",NANDHIg;ljkujghNI hyutgutufIYA R,42423535939
"KAghfhRAPETThfhfAI NADmjghAR GIRLS HSS,LIONS TOWN",NANDHIg;ljkujghNI hyutgutufIYA R,42423535940
"KAghfhRAPETThfhfAI NADmjghAR GIRLS HSS,LIONS TOWN",NANDHIg;ljkujghNI hyutgutufIYA R,42423535941
"KAghfhRAPETThfhfAI NADmjghAR GIRLS HSS,LIONS TOWN",NANDHIg;ljkujghNI hyutgutufIYA R,42423535942
"KAghfhRAPETThfhfAI NADmjghAR GIRLS HSS,LIONS TOWN",NANDHIg;ljkujghNI hyutgutufIYA R,42423535943
"KAghfhRAPETThfhfAI NADmjghAR GIRLS HSS,LIONS TOWN",NANDHIg;ljkujghNI hyutgutufIYA R,42423535944
"KAghfhRAPETThfhfAI NADmjghAR GIRLS HSS,LIONS TOWN",NANDHIg;ljkujghNI hyutgutufIYA R,42423535945
"KAghfhRAPETThfhfAI NADmjghAR GIRLS HSS,LIONS TOWN",NANDHIg;ljkujghNI hyutgutufIYA R,42423535946
"KAghfhRAPETThfhfAI NADmjghAR GIRLS HSS,LIONS TOWN",NANDHIg;ljkujghNI hyutgutufIYA R,42423535947
"KAghfhRAPETThfhfAI NADmjghAR GIRLS HSS,LIONS TOWN",NANDHIg;ljkujghNI hyutgutufIYA R,42423535948
"KAghfhRAPETThfhfAI NADmjghAR GIRLS HSS,LIONS TOWN",NANDHIg;ljkujghNI hyutgutufIYA R,42423535949
"KAghfhRAPETThfhfAI NADmjghAR GIRLS HSS,LIONS TOWN",NANDHIg;ljkujghNI hyutgutufIYA R,42423535950
"KAghfhRAPETThfhfAI NADmjghAR GIRLS HSS,LIONS TOWN",NANDHIg;ljkujghNI hyutgutufIYA R,42423535951
"KAghfhRAPETThfhfAI NADmjghAR GIRLS HSS,LIONS TOWN",NANDHIg;ljkujghNI hyutgutufIYA R,42423535952
"KAghfhRAPETThfhfAI NADmjghAR GIRLS HSS,LIONS TOWN",NANDHIg;ljkujghNI hyutgutufIYA R,42423535953
"KAghfhRAPETThfhfAI NADmjghAR GIRLS HSS,LIONS TOWN",NANDHIg;ljkujghNI hyutgutufIYA R,42423535954
"KAghfhRAPETThfhfAI NADmjghAR GIRLS HSS,LIONS TOWN",NANDHIg;ljkujghNI hyutgutufIYA R,42423535955
"KAghfhRAPETThfhfAI NADmjghAR GIRLS HSS,LIONS TOWN",NANDHIg;ljkujghNI hyutgutufIYA R,42423535956
"KAghfhRAPETThfhfAI NADmjghAR GIRLS HSS,LIONS TOWN",NANDHIg;ljkujghNI hyutgutufIYA R,42423535957
"KAghfhRAPETThfhfAI NADmjghAR GIRLS HSS,LIONS TOWN",NANDHIg;ljkujghNI hyutgutufIYA R,42423535958
"KAghfhRAPETThfhfAI NADmjghAR GIRLS HSS,LIONS TOWN",NANDHIg;ljkujghNI hyutgutufIYA R,42423535959
"KAghfhRAPETThfhfAI NADmjghAR GIRLS HSS,LIONS TOWN",NANDHIg;ljkujghNI hyutgutufIYA R,42423535960
"KAghfhRAPETThfhfAI NADmjghAR GIRLS HSS,LIONS TOWN",NANDHIg;ljkujghNI hyutgutufIYA R,42423535961
"KAghfhRAPETThfhfAI NADmjghAR GIRLS HSS,LIONS TOWN",NANDHIg;ljkujghNI hyutgutufIYA R,42423535962
"KAghfhRAPETThfhfAI NADmjghAR GIRLS HSS,LIONS TOWN",NANDHIg;ljkujghNI hyutgutufIYA R,42423535963
"KAghfhRAPETThfhfAI NADmjghAR GIRLS HSS,LIONS TOWN",NANDHIg;ljkujghNI hyutgutufIYA R,42423535964
"KAghfhRAPETThfhfAI NADmjghAR GIRLS HSS,LIONS TOWN",NANDHIg;ljkujghNI hyutgutufIYA R,42423535965
"KAghfhRAPETThfhfAI NADmjghAR GIRLS HSS,LIONS TOWN",NANDHIg;ljkujghNI hyutgutufIYA R,42423535966
"KAghfhRAPETThfhfAI NADmjghAR GIRLS HSS,LIONS TOWN",NANDHIg;ljkujghNI hyutgutufIYA R,42423535967
"KAghfhRAPETThfhfAI NADmjghAR GIRLS HSS,LIONS TOWN",NANDHIg;ljkujghNI hyutgutufIYA R,42423535968
"KAghfhRAPETThfhfAI NADmjghAR GIRLS HSS,LIONS TOWN",NANDHIg;ljkujghNI hyutgutufIYA R,42423535969
,NANDHIg;ljkujghNI hyutgutufIYA R,42423535970
,NANDHIg;ljkujghNI hyutgutufIYA R,42423535971
,NANDHIg;ljkujghNI hyutgutufIYA R,42423535972
,NANDHIg;ljkujghNI hyutgutufIYA R,42423535973
,NANDHIg;ljkujghNI hyutgutufIYA R,42423535974
,NANDHIg;ljkujghNI hyutgutufIYA R,42423535975
,NANDHIg;ljkujghNI hyutgutufIYA R,42423535976
,NANDHIg;ljkujghNI hyutgutufIYA R,42423535977
,NANDHIg;ljkujghNI hyutgutufIYA R,42423535978
,NANDHIg;ljkujghNI hyutgutufIYA R,42423535979
,NANDHIg;ljkujghNI hyutgutufIYA R,42423535980
,NANDHIg;ljkujghNI hyutgutufIYA R,42423535981
,NANDHIg;ljkujghNI hyutgutufIYA R,42423535982
,NANDHIg;ljkujghNI hyutgutufIYA R,42423535983
,,42423535984
,,42423535985
,,42423535986
,,42423535987
,,42423535988
,,42423535989
,,42423535990
,,42423535991
,,42423535992
,,42423535993
,,42423535994
,,42423535995
,,42423535996
,,42423535997
,,42423535998
,,42423535999
,,42423536000
,,42423536001
,,42423536002
,,42423536003
,,42423536004
,,42423536005
,,42423536006
,,42423536007
,,42423536008
,,42423536009
,,42423536010
,,42423536011
,,42423536012
,,42423536013
,,42423536014
,,42423536015
,,42423536016
,,42423536017
,,42423536018
,,42423536019
,,42423536020
,,42423536021
,,42423536022
,,42423536023
,,42423536024
,,42423536025
,,42423536026
,,42423536027
,,42423536028
,,42423536029
,,42423536030
,,42423536031
,,42423536032
,,42423536033
,,42423536034
,,42423536035
,,42423536036
,,42423536037
,,42423536038
,,42423536039
,,42423536040
,,42423536041
,,42423536042
,,42423536043
,,42423536044
,,42423536045
,,42423536046
,,42423536047
,,42423536048
,,42423536049
,,42423536050
,,42423536051
,,42423536052
,,42423536053
,,42423536054
,,42423536055
,,42423536056
,,42423536057
,,42423536058
,,42423536059
,,42423536060
,,42423536061
,,42423536062
,,42423536063
,,42423536064
,,42423536065
,,42423536066
,,42423536067
,,42423536068
,,42423536069
,,42423536070
,,42423536071
,,42423536072
,,42423536073
,,42423536074
,,42423536075
,,42423536076
